"Data Source","World Development Indicators",

"Last Updated Date","2021-10-28",

"Country Name","Country Code","Indicator Name","Indicator Code","1960","1961","1962","1963","1964","1965","1966","1967","1968","1969","1970","1971","1972","1973","1974","1975","1976","1977","1978","1979","1980","1981","1982","1983","1984","1985","1986","1987","1988","1989","1990","1991","1992","1993","1994","1995","1996","1997","1998","1999","2000","2001","2002","2003","2004","2005","2006","2007","2008","2009","2010","2011","2012","2013","2014","2015","2016","2017","2018","2019","2020",
"Aruba","ABW","Cost to import, border compliance (US$)","IC.IMP.CSBC.CD","","","","","","","","","","","","","","","","","","","","","","","","","","","","","","","","","","","","","","","","","","","","","","","","","","","","","","","","","","","","","",
"Africa Eastern and Southern","AFE","Cost to import, border compliance (US$)","IC.IMP.CSBC.CD","","","","","","","","","","","","","","","","","","","","","","","","","","","","","","","","","","","","","","","","","","","","","","","","","","","","","","","586.0125","617.052","621.12","621.12","621.46","621.46","",
"Afghanistan","AFG","Cost to import, border compliance (US$)","IC.IMP.CSBC.CD","","","","","","","","","","","","","","","","","","","","","","","","","","","","","","","","","","","","","","","","","","","","","","","","","","","","","","","850","850","750","750","750","750","",
"Africa Western and Central","AFW","Cost to import, border compliance (US$)","IC.IMP.CSBC.CD","","","","","","","","","","","","","","","","","","","","","","","","","","","","","","","","","","","","","","","","","","","","","","","","","","","","","","","765.018181818182","778.654545454546","773.768181818182","773.677272727273","769.131818181818","769.131818181818","",
"Angola","AGO","Cost to import, border compliance (US$)","IC.IMP.CSBC.CD","","","","","","","","","","","","","","","","","","","","","","","","","","","","","","","","","","","","","","","","","","","","","","","","","","","","","","","1030","1030","1030","1030","1030","1030","",
"Albania","ALB","Cost to import, border compliance (US$)","IC.IMP.CSBC.CD","","","","","","","","","","","","","","","","","","","","","","","","","","","","","","","","","","","","","","","","","","","","","","","","","","","","","","","52.3","52.3","77.3","77.3","77.3","77.3","",
"Andorra","AND","Cost to import, border compliance (US$)","IC.IMP.CSBC.CD","","","","","","","","","","","","","","","","","","","","","","","","","","","","","","","","","","","","","","","","","","","","","","","","","","","","","","","","","","","","","",
"Arab World","ARB","Cost to import, border compliance (US$)","IC.IMP.CSBC.CD","","","","","","","","","","","","","","","","","","","","","","","","","","","","","","","","","","","","","","","","","","","","","","","","","","","","","","","585.035","608.938095238095","608.938095238095","610.747619047619","610.747619047619","582.709523809524","",
"United Arab Emirates","ARE","Cost to import, border compliance (US$)","IC.IMP.CSBC.CD","","","","","","","","","","","","","","","","","","","","","","","","","","","","","","","","","","","","","","","","","","","","","","","","","","","","","","","677.8","677.8","677.8","677.8","677.8","553.3","",
"Argentina","ARG","Cost to import, border compliance (US$)","IC.IMP.CSBC.CD","","","","","","","","","","","","","","","","","","","","","","","","","","","","","","","","","","","","","","","","","","","","","","","","","","","","","","","1200","1200","1200","1200","1200","1200","",
"Armenia","ARM","Cost to import, border compliance (US$)","IC.IMP.CSBC.CD","","","","","","","","","","","","","","","","","","","","","","","","","","","","","","","","","","","","","","","","","","","","","","","","","","","","","","","250","100","100","0","0","0","",
"American Samoa","ASM","Cost to import, border compliance (US$)","IC.IMP.CSBC.CD","","","","","","","","","","","","","","","","","","","","","","","","","","","","","","","","","","","","","","","","","","","","","","","","","","","","","","","","","","","","","",
"Antigua and Barbuda","ATG","Cost to import, border compliance (US$)","IC.IMP.CSBC.CD","","","","","","","","","","","","","","","","","","","","","","","","","","","","","","","","","","","","","","","","","","","","","","","","","","","","","","","546.4","546.4","546.4","546.4","546.4","546.4","",
"Australia","AUS","Cost to import, border compliance (US$)","IC.IMP.CSBC.CD","","","","","","","","","","","","","","","","","","","","","","","","","","","","","","","","","","","","","","","","","","","","","","","","","","","","","","","525","525","525","525","539","539","",
"Austria","AUT","Cost to import, border compliance (US$)","IC.IMP.CSBC.CD","","","","","","","","","","","","","","","","","","","","","","","","","","","","","","","","","","","","","","","","","","","","","","","","","","","","","","","0","0","0","0","0","0","",
"Azerbaijan","AZE","Cost to import, border compliance (US$)","IC.IMP.CSBC.CD","","","","","","","","","","","","","","","","","","","","","","","","","","","","","","","","","","","","","","","","","","","","","","","","","","","","","","","423","423","300","300","300","300","",
"Burundi","BDI","Cost to import, border compliance (US$)","IC.IMP.CSBC.CD","","","","","","","","","","","","","","","","","","","","","","","","","","","","","","","","","","","","","","","","","","","","","","","","","","","","","","","443.6","443.6","443.6","443.6","443.6","443.6","",
"Belgium","BEL","Cost to import, border compliance (US$)","IC.IMP.CSBC.CD","","","","","","","","","","","","","","","","","","","","","","","","","","","","","","","","","","","","","","","","","","","","","","","","","","","","","","","0","0","0","0","0","0","",
"Benin","BEN","Cost to import, border compliance (US$)","IC.IMP.CSBC.CD","","","","","","","","","","","","","","","","","","","","","","","","","","","","","","","","","","","","","","","","","","","","","","","","","","","","","","","579.1","579.1","599.1","599.1","599.1","599.1","",
"Burkina Faso","BFA","Cost to import, border compliance (US$)","IC.IMP.CSBC.CD","","","","","","","","","","","","","","","","","","","","","","","","","","","","","","","","","","","","","","","","","","","","","","","","","","","","","","","264.5","264.5","264.5","264.5","264.5","264.5","",
"Bangladesh","BGD","Cost to import, border compliance (US$)","IC.IMP.CSBC.CD","","","","","","","","","","","","","","","","","","","","","","","","","","","","","","","","","","","","","","","","","","","","","","","","","","","","","","","900","900","900","900","900","900","",
"Bulgaria","BGR","Cost to import, border compliance (US$)","IC.IMP.CSBC.CD","","","","","","","","","","","","","","","","","","","","","","","","","","","","","","","","","","","","","","","","","","","","","","","","","","","","","","","0","0","0","0","0","0","",
"Bahrain","BHR","Cost to import, border compliance (US$)","IC.IMP.CSBC.CD","","","","","","","","","","","","","","","","","","","","","","","","","","","","","","","","","","","","","","","","","","","","","","","","","","","","","","","397","397","397","397","397","397","",
"Bahamas, The","BHS","Cost to import, border compliance (US$)","IC.IMP.CSBC.CD","","","","","","","","","","","","","","","","","","","","","","","","","","","","","","","","","","","","","","","","","","","","","","","","","","","","","","","1385","1385","1385","1385","1385","1385","",
"Bosnia and Herzegovina","BIH","Cost to import, border compliance (US$)","IC.IMP.CSBC.CD","","","","","","","","","","","","","","","","","","","","","","","","","","","","","","","","","","","","","","","","","","","","","","","","","","","","","","","108.5","108.5","108.5","108.5","108.5","108.5","",
"Belarus","BLR","Cost to import, border compliance (US$)","IC.IMP.CSBC.CD","","","","","","","","","","","","","","","","","","","","","","","","","","","","","","","","","","","","","","","","","","","","","","","","","","","","","","","0","0","0","0","0","0","",
"Belize","BLZ","Cost to import, border compliance (US$)","IC.IMP.CSBC.CD","","","","","","","","","","","","","","","","","","","","","","","","","","","","","","","","","","","","","","","","","","","","","","","","","","","","","","","687.5","687.5","687.5","687.5","687.5","687.5","",
"Bermuda","BMU","Cost to import, border compliance (US$)","IC.IMP.CSBC.CD","","","","","","","","","","","","","","","","","","","","","","","","","","","","","","","","","","","","","","","","","","","","","","","","","","","","","","","","","","","","","",
"Bolivia","BOL","Cost to import, border compliance (US$)","IC.IMP.CSBC.CD","","","","","","","","","","","","","","","","","","","","","","","","","","","","","","","","","","","","","","","","","","","","","","","","","","","","","","","315","315","315","315","315","315","",
"Brazil","BRA","Cost to import, border compliance (US$)","IC.IMP.CSBC.CD","","","","","","","","","","","","","","","","","","","","","","","","","","","","","","","","","","","","","","","","","","","","","","","","","","","","","","","821.7","821.7","821.7","821.7","375","375","",
"Barbados","BRB","Cost to import, border compliance (US$)","IC.IMP.CSBC.CD","","","","","","","","","","","","","","","","","","","","","","","","","","","","","","","","","","","","","","","","","","","","","","","","","","","","","","","1776","1776","1776","1776","1776","1776","",
"Brunei Darussalam","BRN","Cost to import, border compliance (US$)","IC.IMP.CSBC.CD","","","","","","","","","","","","","","","","","","","","","","","","","","","","","","","","","","","","","","","","","","","","","","","","","","","","","","","395","395","395","395","395","395","",
"Bhutan","BTN","Cost to import, border compliance (US$)","IC.IMP.CSBC.CD","","","","","","","","","","","","","","","","","","","","","","","","","","","","","","","","","","","","","","","","","","","","","","","","","","","","","","","110.1","110.1","110.1","110.1","110.1","110.1","",
"Botswana","BWA","Cost to import, border compliance (US$)","IC.IMP.CSBC.CD","","","","","","","","","","","","","","","","","","","","","","","","","","","","","","","","","","","","","","","","","","","","","","","","","","","","","","","98.1","98.1","98.1","98.1","98.1","98.1","",
"Central African Republic","CAF","Cost to import, border compliance (US$)","IC.IMP.CSBC.CD","","","","","","","","","","","","","","","","","","","","","","","","","","","","","","","","","","","","","","","","","","","","","","","","","","","","","","","709.3","709.3","709.3","709.3","709.3","709.3","",
"Canada","CAN","Cost to import, border compliance (US$)","IC.IMP.CSBC.CD","","","","","","","","","","","","","","","","","","","","","","","","","","","","","","","","","","","","","","","","","","","","","","","","","","","","","","","171.9","171.9","171.9","171.9","171.9","171.9","",
"Central Europe and the Baltics","CEB","Cost to import, border compliance (US$)","IC.IMP.CSBC.CD","","","","","","","","","","","","","","","","","","","","","","","","","","","","","","","","","","","","","","","","","","","","","","","","","","","","","","","0","0","0","0","0","0","",
"Switzerland","CHE","Cost to import, border compliance (US$)","IC.IMP.CSBC.CD","","","","","","","","","","","","","","","","","","","","","","","","","","","","","","","","","","","","","","","","","","","","","","","","","","","","","","","115","115","115","115","115","115","",
"Channel Islands","CHI","Cost to import, border compliance (US$)","IC.IMP.CSBC.CD","","","","","","","","","","","","","","","","","","","","","","","","","","","","","","","","","","","","","","","","","","","","","","","","","","","","","","","","","","","","","",
"Chile","CHL","Cost to import, border compliance (US$)","IC.IMP.CSBC.CD","","","","","","","","","","","","","","","","","","","","","","","","","","","","","","","","","","","","","","","","","","","","","","","","","","","","","","","290","290","290","290","290","290","",
"China","CHN","Cost to import, border compliance (US$)","IC.IMP.CSBC.CD","","","","","","","","","","","","","","","","","","","","","","","","","","","","","","","","","","","","","","","","","","","","","","","","","","","","","","","745","745","745","745","326","241.3","",
"Cote d'Ivoire","CIV","Cost to import, border compliance (US$)","IC.IMP.CSBC.CD","","","","","","","","","","","","","","","","","","","","","","","","","","","","","","","","","","","","","","","","","","","","","","","","","","","","","","","455.7","455.7","455.7","455.7","455.7","455.7","",
"Cameroon","CMR","Cost to import, border compliance (US$)","IC.IMP.CSBC.CD","","","","","","","","","","","","","","","","","","","","","","","","","","","","","","","","","","","","","","","","","","","","","","","","","","","","","","","1406.9","1406.9","1406.9","1406.9","1406.9","1406.9","",
"Congo, Dem. Rep.","COD","Cost to import, border compliance (US$)","IC.IMP.CSBC.CD","","","","","","","","","","","","","","","","","","","","","","","","","","","","","","","","","","","","","","","","","","","","","","","","","","","","","","","3039","3039","3039","3039","3039","3039","",
"Congo, Rep.","COG","Cost to import, border compliance (US$)","IC.IMP.CSBC.CD","","","","","","","","","","","","","","","","","","","","","","","","","","","","","","","","","","","","","","","","","","","","","","","","","","","","","","","1580.6","1580.6","1580.6","1580.6","1580.6","1580.6","",
"Colombia","COL","Cost to import, border compliance (US$)","IC.IMP.CSBC.CD","","","","","","","","","","","","","","","","","","","","","","","","","","","","","","","","","","","","","","","","","","","","","","","","","","","","","","","545","545","545","545","545","545","",
"Comoros","COM","Cost to import, border compliance (US$)","IC.IMP.CSBC.CD","","","","","","","","","","","","","","","","","","","","","","","","","","","","","","","","","","","","","","","","","","","","","","","","","","","","","","","765.4","765.4","765.4","765.4","765.4","765.4","",
"Cabo Verde","CPV","Cost to import, border compliance (US$)","IC.IMP.CSBC.CD","","","","","","","","","","","","","","","","","","","","","","","","","","","","","","","","","","","","","","","","","","","","","","","","","","","","","","","587.5","587.5","587.5","587.5","587.5","587.5","",
"Costa Rica","CRI","Cost to import, border compliance (US$)","IC.IMP.CSBC.CD","","","","","","","","","","","","","","","","","","","","","","","","","","","","","","","","","","","","","","","","","","","","","","","","","","","","","","","400","400","420","420","420","500","",
"Caribbean small states","CSS","Cost to import, border compliance (US$)","IC.IMP.CSBC.CD","","","","","","","","","","","","","","","","","","","","","","","","","","","","","","","","","","","","","","","","","","","","","","","","","","","","","","","839.253846153846","839.253846153846","824.1","824.1","824.1","824.1","",
"Cuba","CUB","Cost to import, border compliance (US$)","IC.IMP.CSBC.CD","","","","","","","","","","","","","","","","","","","","","","","","","","","","","","","","","","","","","","","","","","","","","","","","","","","","","","","","","","","","","",
"Curacao","CUW","Cost to import, border compliance (US$)","IC.IMP.CSBC.CD","","","","","","","","","","","","","","","","","","","","","","","","","","","","","","","","","","","","","","","","","","","","","","","","","","","","","","","","","","","","","",
"Cayman Islands","CYM","Cost to import, border compliance (US$)","IC.IMP.CSBC.CD","","","","","","","","","","","","","","","","","","","","","","","","","","","","","","","","","","","","","","","","","","","","","","","","","","","","","","","","","","","","","",
"Cyprus","CYP","Cost to import, border compliance (US$)","IC.IMP.CSBC.CD","","","","","","","","","","","","","","","","","","","","","","","","","","","","","","","","","","","","","","","","","","","","","","","","","","","","","","","335","335","335","335","335","335","",
"Czech Republic","CZE","Cost to import, border compliance (US$)","IC.IMP.CSBC.CD","","","","","","","","","","","","","","","","","","","","","","","","","","","","","","","","","","","","","","","","","","","","","","","","","","","","","","","0","0","0","0","0","0","",
"Germany","DEU","Cost to import, border compliance (US$)","IC.IMP.CSBC.CD","","","","","","","","","","","","","","","","","","","","","","","","","","","","","","","","","","","","","","","","","","","","","","","","","","","","","","","0","0","0","0","0","0","",
"Djibouti","DJI","Cost to import, border compliance (US$)","IC.IMP.CSBC.CD","","","","","","","","","","","","","","","","","","","","","","","","","","","","","","","","","","","","","","","","","","","","","","","","","","","","","","","1055","1055","1055","1055","1055","1055","",
"Dominica","DMA","Cost to import, border compliance (US$)","IC.IMP.CSBC.CD","","","","","","","","","","","","","","","","","","","","","","","","","","","","","","","","","","","","","","","","","","","","","","","","","","","","","","","905.6","905.6","905.6","905.6","905.6","905.6","",
"Denmark","DNK","Cost to import, border compliance (US$)","IC.IMP.CSBC.CD","","","","","","","","","","","","","","","","","","","","","","","","","","","","","","","","","","","","","","","","","","","","","","","","","","","","","","","0","0","0","0","0","0","",
"Dominican Republic","DOM","Cost to import, border compliance (US$)","IC.IMP.CSBC.CD","","","","","","","","","","","","","","","","","","","","","","","","","","","","","","","","","","","","","","","","","","","","","","","","","","","","","","","579.2","579.2","579.2","579.2","579.2","579.2","",
"Algeria","DZA","Cost to import, border compliance (US$)","IC.IMP.CSBC.CD","","","","","","","","","","","","","","","","","","","","","","","","","","","","","","","","","","","","","","","","","","","","","","","","","","","","","","","408.8","408.8","408.8","408.8","408.8","408.8","",
"East Asia & Pacific (excluding high income)","EAP","Cost to import, border compliance (US$)","IC.IMP.CSBC.CD","","","","","","","","","","","","","","","","","","","","","","","","","","","","","","","","","","","","","","","","","","","","","","","","","","","","","","","454.43","454.43","458.93","457.975","433.95","437.215","",
"Early-demographic dividend","EAR","Cost to import, border compliance (US$)","IC.IMP.CSBC.CD","","","","","","","","","","","","","","","","","","","","","","","","","","","","","","","","","","","","","","","","","","","","","","","","","","","","","","","511.7","515.633333333333","520.206666666667","519.016666666667","511.946666666667","491.315254237288","",
"East Asia & Pacific","EAS","Cost to import, border compliance (US$)","IC.IMP.CSBC.CD","","","","","","","","","","","","","","","","","","","","","","","","","","","","","","","","","","","","","","","","","","","","","","","","","","","","","","","428.272413793103","428.272413793103","431.375862068965","430.71724137931","415.168965517241","417.420689655172","",
"Europe & Central Asia (excluding high income)","ECA","Cost to import, border compliance (US$)","IC.IMP.CSBC.CD","","","","","","","","","","","","","","","","","","","","","","","","","","","","","","","","","","","","","","","","","","","","","","","","","","","","","","","193.905","186.405","181.505","175.005","163.36","163.36","",
"Europe & Central Asia","ECS","Cost to import, border compliance (US$)","IC.IMP.CSBC.CD","","","","","","","","","","","","","","","","","","","","","","","","","","","","","","","","","","","","","","","","","","","","","","","","","","","","","","","104.512244897959","101.451020408163","99.4510204081633","96.7979591836735","92.504","92.504","",
"Ecuador","ECU","Cost to import, border compliance (US$)","IC.IMP.CSBC.CD","","","","","","","","","","","","","","","","","","","","","","","","","","","","","","","","","","","","","","","","","","","","","","","","","","","","","","","250","250","250","250","250","250","",
"Egypt, Arab Rep.","EGY","Cost to import, border compliance (US$)","IC.IMP.CSBC.CD","","","","","","","","","","","","","","","","","","","","","","","","","","","","","","","","","","","","","","","","","","","","","","","","","","","","","","","553.7","553.7","553.7","553.7","553.7","553.7","",
"Euro area","EMU","Cost to import, border compliance (US$)","IC.IMP.CSBC.CD","","","","","","","","","","","","","","","","","","","","","","","","","","","","","","","","","","","","","","","","","","","","","","","","","","","","","","","43.0526315789474","43.0526315789474","43.0526315789474","43.0526315789474","43.0526315789474","43.0526315789474","",
"Eritrea","ERI","Cost to import, border compliance (US$)","IC.IMP.CSBC.CD","","","","","","","","","","","","","","","","","","","","","","","","","","","","","","","","","","","","","","","","","","","","","","","","","","","","","","","","","","","","","",
"Spain","ESP","Cost to import, border compliance (US$)","IC.IMP.CSBC.CD","","","","","","","","","","","","","","","","","","","","","","","","","","","","","","","","","","","","","","","","","","","","","","","","","","","","","","","0","0","0","0","0","0","",
"Estonia","EST","Cost to import, border compliance (US$)","IC.IMP.CSBC.CD","","","","","","","","","","","","","","","","","","","","","","","","","","","","","","","","","","","","","","","","","","","","","","","","","","","","","","","0","0","0","0","0","0","",
"Ethiopia","ETH","Cost to import, border compliance (US$)","IC.IMP.CSBC.CD","","","","","","","","","","","","","","","","","","","","","","","","","","","","","","","","","","","","","","","","","","","","","","","","","","","","","","","120","120","120","120","120","120","",
"European Union","EUU","Cost to import, border compliance (US$)","IC.IMP.CSBC.CD","","","","","","","","","","","","","","","","","","","","","","","","","","","","","","","","","","","","","","","","","","","","","","","","","","","","","","","30.2962962962963","30.2962962962963","30.2962962962963","30.2962962962963","30.2962962962963","30.2962962962963","",
"Fragile and conflict affected situations","FCS","Cost to import, border compliance (US$)","IC.IMP.CSBC.CD","","","","","","","","","","","","","","","","","","","","","","","","","","","","","","","","","","","","","","","","","","","","","","","","","","","","","","","701.848571428571","712.963888888889","710.658333333333","707.325","707.325","688.962857142857","",
"Finland","FIN","Cost to import, border compliance (US$)","IC.IMP.CSBC.CD","","","","","","","","","","","","","","","","","","","","","","","","","","","","","","","","","","","","","","","","","","","","","","","","","","","","","","","0","0","0","0","0","0","",
"Fiji","FJI","Cost to import, border compliance (US$)","IC.IMP.CSBC.CD","","","","","","","","","","","","","","","","","","","","","","","","","","","","","","","","","","","","","","","","","","","","","","","","","","","","","","","319.8","319.8","319.8","319.8","319.8","319.8","",
"France","FRA","Cost to import, border compliance (US$)","IC.IMP.CSBC.CD","","","","","","","","","","","","","","","","","","","","","","","","","","","","","","","","","","","","","","","","","","","","","","","","","","","","","","","0","0","0","0","0","0","",
"Faroe Islands","FRO","Cost to import, border compliance (US$)","IC.IMP.CSBC.CD","","","","","","","","","","","","","","","","","","","","","","","","","","","","","","","","","","","","","","","","","","","","","","","","","","","","","","","","","","","","","",
"Micronesia, Fed. Sts.","FSM","Cost to import, border compliance (US$)","IC.IMP.CSBC.CD","","","","","","","","","","","","","","","","","","","","","","","","","","","","","","","","","","","","","","","","","","","","","","","","","","","","","","","180","180","180","180","180","180","",
"Gabon","GAB","Cost to import, border compliance (US$)","IC.IMP.CSBC.CD","","","","","","","","","","","","","","","","","","","","","","","","","","","","","","","","","","","","","","","","","","","","","","","","","","","","","","","1152.5","1152.5","1320","1320","1320","1320","",
"United Kingdom","GBR","Cost to import, border compliance (US$)","IC.IMP.CSBC.CD","","","","","","","","","","","","","","","","","","","","","","","","","","","","","","","","","","","","","","","","","","","","","","","","","","","","","","","0","0","0","0","0","0","",
"Georgia","GEO","Cost to import, border compliance (US$)","IC.IMP.CSBC.CD","","","","","","","","","","","","","","","","","","","","","","","","","","","","","","","","","","","","","","","","","","","","","","","","","","","","","","","396.4","396.4","396.4","396.4","396.4","396.4","",
"Ghana","GHA","Cost to import, border compliance (US$)","IC.IMP.CSBC.CD","","","","","","","","","","","","","","","","","","","","","","","","","","","","","","","","","","","","","","","","","","","","","","","","","","","","","","","552.9","552.9","552.9","552.9","552.9","552.9","",
"Gibraltar","GIB","Cost to import, border compliance (US$)","IC.IMP.CSBC.CD","","","","","","","","","","","","","","","","","","","","","","","","","","","","","","","","","","","","","","","","","","","","","","","","","","","","","","","","","","","","","",
"Guinea","GIN","Cost to import, border compliance (US$)","IC.IMP.CSBC.CD","","","","","","","","","","","","","","","","","","","","","","","","","","","","","","","","","","","","","","","","","","","","","","","","","","","","","","","908.6","908.6","908.6","908.6","808.6","808.6","",
"Gambia, The","GMB","Cost to import, border compliance (US$)","IC.IMP.CSBC.CD","","","","","","","","","","","","","","","","","","","","","","","","","","","","","","","","","","","","","","","","","","","","","","","","","","","","","","","325.6","325.6","325.6","325.6","325.6","325.6","",
"Guinea-Bissau","GNB","Cost to import, border compliance (US$)","IC.IMP.CSBC.CD","","","","","","","","","","","","","","","","","","","","","","","","","","","","","","","","","","","","","","","","","","","","","","","","","","","","","","","550","550","550","550","550","550","",
"Equatorial Guinea","GNQ","Cost to import, border compliance (US$)","IC.IMP.CSBC.CD","","","","","","","","","","","","","","","","","","","","","","","","","","","","","","","","","","","","","","","","","","","","","","","","","","","","","","","985","985","985","985","985","985","",
"Greece","GRC","Cost to import, border compliance (US$)","IC.IMP.CSBC.CD","","","","","","","","","","","","","","","","","","","","","","","","","","","","","","","","","","","","","","","","","","","","","","","","","","","","","","","0","0","0","0","0","0","",
"Grenada","GRD","Cost to import, border compliance (US$)","IC.IMP.CSBC.CD","","","","","","","","","","","","","","","","","","","","","","","","","","","","","","","","","","","","","","","","","","","","","","","","","","","","","","","1606","1606","1256","1256","1256","1256","",
"Greenland","GRL","Cost to import, border compliance (US$)","IC.IMP.CSBC.CD","","","","","","","","","","","","","","","","","","","","","","","","","","","","","","","","","","","","","","","","","","","","","","","","","","","","","","","","","","","","","",
"Guatemala","GTM","Cost to import, border compliance (US$)","IC.IMP.CSBC.CD","","","","","","","","","","","","","","","","","","","","","","","","","","","","","","","","","","","","","","","","","","","","","","","","","","","","","","","405","405","405","405","405","405","",
"Guam","GUM","Cost to import, border compliance (US$)","IC.IMP.CSBC.CD","","","","","","","","","","","","","","","","","","","","","","","","","","","","","","","","","","","","","","","","","","","","","","","","","","","","","","","","","","","","","",
"Guyana","GUY","Cost to import, border compliance (US$)","IC.IMP.CSBC.CD","","","","","","","","","","","","","","","","","","","","","","","","","","","","","","","","","","","","","","","","","","","","","","","","","","","","","","","265","265","265","265","265","265","",
"High income","HIC","Cost to import, border compliance (US$)","IC.IMP.CSBC.CD","","","","","","","","","","","","","","","","","","","","","","","","","","","","","","","","","","","","","","","","","","","","","","","","","","","","","","","261.245614035088","263.614035087719","263.614035087719","264.315789473684","262.251724137931","252.1","",
"Hong Kong SAR, China","HKG","Cost to import, border compliance (US$)","IC.IMP.CSBC.CD","","","","","","","","","","","","","","","","","","","","","","","","","","","","","","","","","","","","","","","","","","","","","","","","","","","","","","","265.6","265.6","265.6","265.6","265.6","265.6","",
"Honduras","HND","Cost to import, border compliance (US$)","IC.IMP.CSBC.CD","","","","","","","","","","","","","","","","","","","","","","","","","","","","","","","","","","","","","","","","","","","","","","","","","","","","","","","475","475","482.8","482.8","482.8","482.8","",
"Heavily indebted poor countries (HIPC)","HPC","Cost to import, border compliance (US$)","IC.IMP.CSBC.CD","","","","","","","","","","","","","","","","","","","","","","","","","","","","","","","","","","","","","","","","","","","","","","","","","","","","","","","679.648648648649","705.5","691.144736842105","690.565789473684","687.934210526316","687.934210526316","",
"Croatia","HRV","Cost to import, border compliance (US$)","IC.IMP.CSBC.CD","","","","","","","","","","","","","","","","","","","","","","","","","","","","","","","","","","","","","","","","","","","","","","","","","","","","","","","0","0","0","0","0","0","",
"Haiti","HTI","Cost to import, border compliance (US$)","IC.IMP.CSBC.CD","","","","","","","","","","","","","","","","","","","","","","","","","","","","","","","","","","","","","","","","","","","","","","","","","","","","","","","582.5","582.5","582.5","562.5","562.5","562.5","",
"Hungary","HUN","Cost to import, border compliance (US$)","IC.IMP.CSBC.CD","","","","","","","","","","","","","","","","","","","","","","","","","","","","","","","","","","","","","","","","","","","","","","","","","","","","","","","0","0","0","0","0","0","",
"IBRD only","IBD","Cost to import, border compliance (US$)","IC.IMP.CSBC.CD","","","","","","","","","","","","","","","","","","","","","","","","","","","","","","","","","","","","","","","","","","","","","","","","","","","","","","","433.308823529412","430.970588235294","434.536764705882","431.891176470588","412.017647058824","394.740298507463","",
"IDA & IBRD total","IBT","Cost to import, border compliance (US$)","IC.IMP.CSBC.CD","","","","","","","","","","","","","","","","","","","","","","","","","","","","","","","","","","","","","","","","","","","","","","","","","","","","","","","532.4","539.38273381295","538.097841726619","536.497122302158","525.96618705036","519.490579710145","",
"IDA total","IDA","Cost to import, border compliance (US$)","IC.IMP.CSBC.CD","","","","","","","","","","","","","","","","","","","","","","","","","","","","","","","","","","","","","","","","","","","","","","","","","","","","","","","628.66","643.214084507042","637.283098591549","636.683098591549","635.1","637.212676056338","",
"IDA blend","IDB","Cost to import, border compliance (US$)","IC.IMP.CSBC.CD","","","","","","","","","","","","","","","","","","","","","","","","","","","","","","","","","","","","","","","","","","","","","","","","","","","","","","","779.666666666667","779.666666666667","779.666666666667","778.293333333333","778.293333333333","788.293333333333","",
"Indonesia","IDN","Cost to import, border compliance (US$)","IC.IMP.CSBC.CD","","","","","","","","","","","","","","","","","","","","","","","","","","","","","","","","","","","","","","","","","","","","","","","","","","","","","","","382.6","382.6","382.6","382.6","382.6","382.6","",
"IDA only","IDX","Cost to import, border compliance (US$)","IC.IMP.CSBC.CD","","","","","","","","","","","","","","","","","","","","","","","","","","","","","","","","","","","","","","","","","","","","","","","","","","","","","","","587.476363636364","606.664285714286","599.144642857143","598.751785714286","596.744642857143","596.744642857143","",
"Isle of Man","IMN","Cost to import, border compliance (US$)","IC.IMP.CSBC.CD","","","","","","","","","","","","","","","","","","","","","","","","","","","","","","","","","","","","","","","","","","","","","","","","","","","","","","","","","","","","","",
"India","IND","Cost to import, border compliance (US$)","IC.IMP.CSBC.CD","","","","","","","","","","","","","","","","","","","","","","","","","","","","","","","","","","","","","","","","","","","","","","","","","","","","","","","574","574","574","543.2","331","266.1","",
"Not classified","INX","Cost to import, border compliance (US$)","IC.IMP.CSBC.CD","","","","","","","","","","","","","","","","","","","","","","","","","","","","","","","","","","","","","","","","","","","","","","","","","","","","","","","","","","","","","",
"Ireland","IRL","Cost to import, border compliance (US$)","IC.IMP.CSBC.CD","","","","","","","","","","","","","","","","","","","","","","","","","","","","","","","","","","","","","","","","","","","","","","","","","","","","","","","253","253","253","253","253","253","",
"Iran, Islamic Rep.","IRN","Cost to import, border compliance (US$)","IC.IMP.CSBC.CD","","","","","","","","","","","","","","","","","","","","","","","","","","","","","","","","","","","","","","","","","","","","","","","","","","","","","","","660.4","660.4","660.4","660.4","660.4","660.4","",
"Iraq","IRQ","Cost to import, border compliance (US$)","IC.IMP.CSBC.CD","","","","","","","","","","","","","","","","","","","","","","","","","","","","","","","","","","","","","","","","","","","","","","","","","","","","","","","644.4","644.4","644.4","644.4","644.4","644.4","",
"Iceland","ISL","Cost to import, border compliance (US$)","IC.IMP.CSBC.CD","","","","","","","","","","","","","","","","","","","","","","","","","","","","","","","","","","","","","","","","","","","","","","","","","","","","","","","365","365","365","365","365","365","",
"Israel","ISR","Cost to import, border compliance (US$)","IC.IMP.CSBC.CD","","","","","","","","","","","","","","","","","","","","","","","","","","","","","","","","","","","","","","","","","","","","","","","","","","","","","","","306.7","306.7","306.7","306.7","306.7","306.7","",
"Italy","ITA","Cost to import, border compliance (US$)","IC.IMP.CSBC.CD","","","","","","","","","","","","","","","","","","","","","","","","","","","","","","","","","","","","","","","","","","","","","","","","","","","","","","","0","0","0","0","0","0","",
"Jamaica","JAM","Cost to import, border compliance (US$)","IC.IMP.CSBC.CD","","","","","","","","","","","","","","","","","","","","","","","","","","","","","","","","","","","","","","","","","","","","","","","","","","","","","","","906","906","906","906","906","906","",
"Jordan","JOR","Cost to import, border compliance (US$)","IC.IMP.CSBC.CD","","","","","","","","","","","","","","","","","","","","","","","","","","","","","","","","","","","","","","","","","","","","","","","","","","","","","","","205.7","205.7","205.7","205.7","205.7","205.7","",
"Japan","JPN","Cost to import, border compliance (US$)","IC.IMP.CSBC.CD","","","","","","","","","","","","","","","","","","","","","","","","","","","","","","","","","","","","","","","","","","","","","","","","","","","","","","","299.2","299.2","299.2","299.2","314.8","314.8","",
"Kazakhstan","KAZ","Cost to import, border compliance (US$)","IC.IMP.CSBC.CD","","","","","","","","","","","","","","","","","","","","","","","","","","","","","","","","","","","","","","","","","","","","","","","","","","","","","","","0","0","0","0","0","0","",
"Kenya","KEN","Cost to import, border compliance (US$)","IC.IMP.CSBC.CD","","","","","","","","","","","","","","","","","","","","","","","","","","","","","","","","","","","","","","","","","","","","","","","","","","","","","","","832.5","832.5","832.5","832.5","832.5","832.5","",
"Kyrgyz Republic","KGZ","Cost to import, border compliance (US$)","IC.IMP.CSBC.CD","","","","","","","","","","","","","","","","","","","","","","","","","","","","","","","","","","","","","","","","","","","","","","","","","","","","","","","511.5","511.5","511.5","511.5","499.1","499.1","",
"Cambodia","KHM","Cost to import, border compliance (US$)","IC.IMP.CSBC.CD","","","","","","","","","","","","","","","","","","","","","","","","","","","","","","","","","","","","","","","","","","","","","","","","","","","","","","","240","240","240","240","240","240","",
"Kiribati","KIR","Cost to import, border compliance (US$)","IC.IMP.CSBC.CD","","","","","","","","","","","","","","","","","","","","","","","","","","","","","","","","","","","","","","","","","","","","","","","","","","","","","","","685","685","685","685","685","685","",
"St. Kitts and Nevis","KNA","Cost to import, border compliance (US$)","IC.IMP.CSBC.CD","","","","","","","","","","","","","","","","","","","","","","","","","","","","","","","","","","","","","","","","","","","","","","","","","","","","","","","310.7","310.7","310.7","310.7","310.7","310.7","",
"Korea, Rep.","KOR","Cost to import, border compliance (US$)","IC.IMP.CSBC.CD","","","","","","","","","","","","","","","","","","","","","","","","","","","","","","","","","","","","","","","","","","","","","","","","","","","","","","","314.6","314.6","314.6","314.6","314.6","314.6","",
"Kuwait","KWT","Cost to import, border compliance (US$)","IC.IMP.CSBC.CD","","","","","","","","","","","","","","","","","","","","","","","","","","","","","","","","","","","","","","","","","","","","","","","","","","","","","","","633.7","633.7","633.7","633.7","633.7","633.7","",
"Latin America & Caribbean (excluding high income)","LAC","Cost to import, border compliance (US$)","IC.IMP.CSBC.CD","","","","","","","","","","","","","","","","","","","","","","","","","","","","","","","","","","","","","","","","","","","","","","","","","","","","","","","601.570833333333","601.195833333333","597.0625","596.229166666667","577.616666666667","580.95","",
"Lao PDR","LAO","Cost to import, border compliance (US$)","IC.IMP.CSBC.CD","","","","","","","","","","","","","","","","","","","","","","","","","","","","","","","","","","","","","","","","","","","","","","","","","","","","","","","223.5","223.5","223.5","223.5","223.5","223.5","",
"Lebanon","LBN","Cost to import, border compliance (US$)","IC.IMP.CSBC.CD","","","","","","","","","","","","","","","","","","","","","","","","","","","","","","","","","","","","","","","","","","","","","","","","","","","","","","","790","790","790","790","790","790","",
"Liberia","LBR","Cost to import, border compliance (US$)","IC.IMP.CSBC.CD","","","","","","","","","","","","","","","","","","","","","","","","","","","","","","","","","","","","","","","","","","","","","","","","","","","","","","","1007.5","1007.5","1012.5","1012.5","1012.5","1012.5","",
"Libya","LBY","Cost to import, border compliance (US$)","IC.IMP.CSBC.CD","","","","","","","","","","","","","","","","","","","","","","","","","","","","","","","","","","","","","","","","","","","","","","","","","","","","","","","637.4","637.4","637.4","637.4","637.4","637.4","",
"St. Lucia","LCA","Cost to import, border compliance (US$)","IC.IMP.CSBC.CD","","","","","","","","","","","","","","","","","","","","","","","","","","","","","","","","","","","","","","","","","","","","","","","","","","","","","","","842.1","842.1","842.1","842.1","842.1","842.1","",
"Latin America & Caribbean","LCN","Cost to import, border compliance (US$)","IC.IMP.CSBC.CD","","","","","","","","","","","","","","","","","","","","","","","","","","","","","","","","","","","","","","","","","","","","","","","","","","","","","","","659.590909090909","659.318181818182","656.312121212121","655.706060606061","642.169696969697","617.8625","",
"Least developed countries: UN classification","LDC","Cost to import, border compliance (US$)","IC.IMP.CSBC.CD","","","","","","","","","","","","","","","","","","","","","","","","","","","","","","","","","","","","","","","","","","","","","","","","","","","","","","","634.741860465116","658.088636363636","646.75","646.25","643.977272727273","643.977272727273","",
"Low income","LIC","Cost to import, border compliance (US$)","IC.IMP.CSBC.CD","","","","","","","","","","","","","","","","","","","","","","","","","","","","","","","","","","","","","","","","","","","","","","","","","","","","","","","696.891304347826","737.104166666667","710.3","710.3","706.133333333333","706.133333333333","",
"Liechtenstein","LIE","Cost to import, border compliance (US$)","IC.IMP.CSBC.CD","","","","","","","","","","","","","","","","","","","","","","","","","","","","","","","","","","","","","","","","","","","","","","","","","","","","","","","","","","","115","115","",
"Sri Lanka","LKA","Cost to import, border compliance (US$)","IC.IMP.CSBC.CD","","","","","","","","","","","","","","","","","","","","","","","","","","","","","","","","","","","","","","","","","","","","","","","","","","","","","","","299.7","299.7","299.7","299.7","299.7","299.7","",
"Lower middle income","LMC","Cost to import, border compliance (US$)","IC.IMP.CSBC.CD","","","","","","","","","","","","","","","","","","","","","","","","","","","","","","","","","","","","","","","","","","","","","","","","","","","","","","","530.963636363636","530.963636363636","541.367272727273","539.685454545454","535.601818181818","537.149090909091","",
"Low & middle income","LMY","Cost to import, border compliance (US$)","IC.IMP.CSBC.CD","","","","","","","","","","","","","","","","","","","","","","","","","","","","","","","","","","","","","","","","","","","","","","","","","","","","","","","533.282945736434","540.742307692308","539.368461538462","537.656923076923","526.396923076923","527.015384615385","",
"Lesotho","LSO","Cost to import, border compliance (US$)","IC.IMP.CSBC.CD","","","","","","","","","","","","","","","","","","","","","","","","","","","","","","","","","","","","","","","","","","","","","","","","","","","","","","","150","150","150","150","150","150","",
"Late-demographic dividend","LTE","Cost to import, border compliance (US$)","IC.IMP.CSBC.CD","","","","","","","","","","","","","","","","","","","","","","","","","","","","","","","","","","","","","","","","","","","","","","","","","","","","","","","385.935416666667","385.622916666667","383.997916666667","381.725","362.15","356.333333333333","",
"Lithuania","LTU","Cost to import, border compliance (US$)","IC.IMP.CSBC.CD","","","","","","","","","","","","","","","","","","","","","","","","","","","","","","","","","","","","","","","","","","","","","","","","","","","","","","","0","0","0","0","0","0","",
"Luxembourg","LUX","Cost to import, border compliance (US$)","IC.IMP.CSBC.CD","","","","","","","","","","","","","","","","","","","","","","","","","","","","","","","","","","","","","","","","","","","","","","","","","","","","","","","0","0","0","0","0","0","",
"Latvia","LVA","Cost to import, border compliance (US$)","IC.IMP.CSBC.CD","","","","","","","","","","","","","","","","","","","","","","","","","","","","","","","","","","","","","","","","","","","","","","","","","","","","","","","0","0","0","0","0","0","",
"Macao SAR, China","MAC","Cost to import, border compliance (US$)","IC.IMP.CSBC.CD","","","","","","","","","","","","","","","","","","","","","","","","","","","","","","","","","","","","","","","","","","","","","","","","","","","","","","","","","","","","","",
"St. Martin (French part)","MAF","Cost to import, border compliance (US$)","IC.IMP.CSBC.CD","","","","","","","","","","","","","","","","","","","","","","","","","","","","","","","","","","","","","","","","","","","","","","","","","","","","","","","","","","","","","",
"Morocco","MAR","Cost to import, border compliance (US$)","IC.IMP.CSBC.CD","","","","","","","","","","","","","","","","","","","","","","","","","","","","","","","","","","","","","","","","","","","","","","","","","","","","","","","228.1","228.1","228.1","228.1","228.1","228.1","",
"Monaco","MCO","Cost to import, border compliance (US$)","IC.IMP.CSBC.CD","","","","","","","","","","","","","","","","","","","","","","","","","","","","","","","","","","","","","","","","","","","","","","","","","","","","","","","","","","","","","",
"Moldova","MDA","Cost to import, border compliance (US$)","IC.IMP.CSBC.CD","","","","","","","","","","","","","","","","","","","","","","","","","","","","","","","","","","","","","","","","","","","","","","","","","","","","","","","82.8","82.8","82.8","82.8","82.8","82.8","",
"Madagascar","MDG","Cost to import, border compliance (US$)","IC.IMP.CSBC.CD","","","","","","","","","","","","","","","","","","","","","","","","","","","","","","","","","","","","","","","","","","","","","","","","","","","","","","","430","595","595","595","595","595","",
"Maldives","MDV","Cost to import, border compliance (US$)","IC.IMP.CSBC.CD","","","","","","","","","","","","","","","","","","","","","","","","","","","","","","","","","","","","","","","","","","","","","","","","","","","","","","","980.5","980.5","980.5","980.5","980.5","980.5","",
"Middle East & North Africa","MEA","Cost to import, border compliance (US$)","IC.IMP.CSBC.CD","","","","","","","","","","","","","","","","","","","","","","","","","","","","","","","","","","","","","","","","","","","","","","","","","","","","","","","522.895","529.645","529.645","531.645","531.645","502.205","",
"Mexico","MEX","Cost to import, border compliance (US$)","IC.IMP.CSBC.CD","","","","","","","","","","","","","","","","","","","","","","","","","","","","","","","","","","","","","","","","","","","","","","","","","","","","","","","450","450","450","450","450","450","",
"Marshall Islands","MHL","Cost to import, border compliance (US$)","IC.IMP.CSBC.CD","","","","","","","","","","","","","","","","","","","","","","","","","","","","","","","","","","","","","","","","","","","","","","","","","","","","","","","297.5","297.5","297.5","297.5","297.5","297.5","",
"Middle income","MIC","Cost to import, border compliance (US$)","IC.IMP.CSBC.CD","","","","","","","","","","","","","","","","","","","","","","","","","","","","","","","","","","","","","","","","","","","","","","","","","","","","","","","497.783018867925","496.283018867925","500.666981132076","498.567924528302","485.701886792453","486.460377358491","",
"North Macedonia","MKD","Cost to import, border compliance (US$)","IC.IMP.CSBC.CD","","","","","","","","","","","","","","","","","","","","","","","","","","","","","","","","","","","","","","","","","","","","","","","","","","","","","","","150","150","150","150","150","150","",
"Mali","MLI","Cost to import, border compliance (US$)","IC.IMP.CSBC.CD","","","","","","","","","","","","","","","","","","","","","","","","","","","","","","","","","","","","","","","","","","","","","","","","","","","","","","","545","545","545","545","545","545","",
"Malta","MLT","Cost to import, border compliance (US$)","IC.IMP.CSBC.CD","","","","","","","","","","","","","","","","","","","","","","","","","","","","","","","","","","","","","","","","","","","","","","","","","","","","","","","230","230","230","230","230","230","",
"Myanmar","MMR","Cost to import, border compliance (US$)","IC.IMP.CSBC.CD","","","","","","","","","","","","","","","","","","","","","","","","","","","","","","","","","","","","","","","","","","","","","","","","","","","","","","","366.7","366.7","456.7","456.7","456.7","456.7","",
"Middle East & North Africa (excluding high income)","MNA","Cost to import, border compliance (US$)","IC.IMP.CSBC.CD","","","","","","","","","","","","","","","","","","","","","","","","","","","","","","","","","","","","","","","","","","","","","","","","","","","","","","","554.791666666667","554.791666666667","554.791666666667","554.791666666667","554.791666666667","554.791666666667","",
"Montenegro","MNE","Cost to import, border compliance (US$)","IC.IMP.CSBC.CD","","","","","","","","","","","","","","","","","","","","","","","","","","","","","","","","","","","","","","","","","","","","","","","","","","","","","","","305.6","305.6","305.6","305.6","305.6","305.6","",
"Mongolia","MNG","Cost to import, border compliance (US$)","IC.IMP.CSBC.CD","","","","","","","","","","","","","","","","","","","","","","","","","","","","","","","","","","","","","","","","","","","","","","","","","","","","","","","209.8","209.8","209.8","209.8","209.8","209.8","",
"Northern Mariana Islands","MNP","Cost to import, border compliance (US$)","IC.IMP.CSBC.CD","","","","","","","","","","","","","","","","","","","","","","","","","","","","","","","","","","","","","","","","","","","","","","","","","","","","","","","","","","","","","",
"Mozambique","MOZ","Cost to import, border compliance (US$)","IC.IMP.CSBC.CD","","","","","","","","","","","","","","","","","","","","","","","","","","","","","","","","","","","","","","","","","","","","","","","","","","","","","","","399","399","399","399","399","399","",
"Mauritania","MRT","Cost to import, border compliance (US$)","IC.IMP.CSBC.CD","","","","","","","","","","","","","","","","","","","","","","","","","","","","","","","","","","","","","","","","","","","","","","","","","","","","","","","582","582","582","580","580","580","",
"Mauritius","MUS","Cost to import, border compliance (US$)","IC.IMP.CSBC.CD","","","","","","","","","","","","","","","","","","","","","","","","","","","","","","","","","","","","","","","","","","","","","","","","","","","","","","","372.1","372.1","372.1","372.1","372.1","372.1","",
"Malawi","MWI","Cost to import, border compliance (US$)","IC.IMP.CSBC.CD","","","","","","","","","","","","","","","","","","","","","","","","","","","","","","","","","","","","","","","","","","","","","","","","","","","","","","","143.5","143.5","143.5","143.5","143.5","143.5","",
"Malaysia","MYS","Cost to import, border compliance (US$)","IC.IMP.CSBC.CD","","","","","","","","","","","","","","","","","","","","","","","","","","","","","","","","","","","","","","","","","","","","","","","","","","","","","","","274","274","274","274","212.5","212.5","",
"North America","NAC","Cost to import, border compliance (US$)","IC.IMP.CSBC.CD","","","","","","","","","","","","","","","","","","","","","","","","","","","","","","","","","","","","","","","","","","","","","","","","","","","","","","","173.45","173.45","173.45","173.45","173.45","173.45","",
"Namibia","NAM","Cost to import, border compliance (US$)","IC.IMP.CSBC.CD","","","","","","","","","","","","","","","","","","","","","","","","","","","","","","","","","","","","","","","","","","","","","","","","","","","","","","","145","145","145","145","145","145","",
"New Caledonia","NCL","Cost to import, border compliance (US$)","IC.IMP.CSBC.CD","","","","","","","","","","","","","","","","","","","","","","","","","","","","","","","","","","","","","","","","","","","","","","","","","","","","","","","","","","","","","",
"Niger","NER","Cost to import, border compliance (US$)","IC.IMP.CSBC.CD","","","","","","","","","","","","","","","","","","","","","","","","","","","","","","","","","","","","","","","","","","","","","","","","","","","","","","","461.5","761.5","461.5","461.5","461.5","461.5","",
"Nigeria","NGA","Cost to import, border compliance (US$)","IC.IMP.CSBC.CD","","","","","","","","","","","","","","","","","","","","","","","","","","","","","","","","","","","","","","","","","","","","","","","","","","","","","","","1076.8","1076.8","1076.8","1076.8","1076.8","1076.8","",
"Nicaragua","NIC","Cost to import, border compliance (US$)","IC.IMP.CSBC.CD","","","","","","","","","","","","","","","","","","","","","","","","","","","","","","","","","","","","","","","","","","","","","","","","","","","","","","","329.8","329.8","399.8","399.8","399.8","399.8","",
"Netherlands","NLD","Cost to import, border compliance (US$)","IC.IMP.CSBC.CD","","","","","","","","","","","","","","","","","","","","","","","","","","","","","","","","","","","","","","","","","","","","","","","","","","","","","","","0","0","0","0","0","0","",
"Norway","NOR","Cost to import, border compliance (US$)","IC.IMP.CSBC.CD","","","","","","","","","","","","","","","","","","","","","","","","","","","","","","","","","","","","","","","","","","","","","","","","","","","","","","","125","125","125","125","125","125","",
"Nepal","NPL","Cost to import, border compliance (US$)","IC.IMP.CSBC.CD","","","","","","","","","","","","","","","","","","","","","","","","","","","","","","","","","","","","","","","","","","","","","","","","","","","","","","","155.6","155.6","190","190","190","190","",
"Nauru","NRU","Cost to import, border compliance (US$)","IC.IMP.CSBC.CD","","","","","","","","","","","","","","","","","","","","","","","","","","","","","","","","","","","","","","","","","","","","","","","","","","","","","","","","","","","","","",
"New Zealand","NZL","Cost to import, border compliance (US$)","IC.IMP.CSBC.CD","","","","","","","","","","","","","","","","","","","","","","","","","","","","","","","","","","","","","","","","","","","","","","","","","","","","","","","366.5","366.5","366.5","366.5","366.5","366.5","",
"OECD members","OED","Cost to import, border compliance (US$)","IC.IMP.CSBC.CD","","","","","","","","","","","","","","","","","","","","","","","","","","","","","","","","","","","","","","","","","","","","","","","","","","","","","","","130.747368421053","130.747368421053","131.273684210526","131.273684210526","126.25","128.355263157895","",
"Oman","OMN","Cost to import, border compliance (US$)","IC.IMP.CSBC.CD","","","","","","","","","","","","","","","","","","","","","","","","","","","","","","","","","","","","","","","","","","","","","","","","","","","","","","","353.6","353.6","353.6","393.6","393.6","243.6","",
"Other small states","OSS","Cost to import, border compliance (US$)","IC.IMP.CSBC.CD","","","","","","","","","","","","","","","","","","","","","","","","","","","","","","","","","","","","","","","","","","","","","","","","","","","","","","","425.7","430.892307692308","437.334615384615","437.334615384615","437.334615384615","437.334615384615","",
"Pakistan","PAK","Cost to import, border compliance (US$)","IC.IMP.CSBC.CD","","","","","","","","","","","","","","","","","","","","","","","","","","","","","","","","","","","","","","","","","","","","","","","","","","","","","","","307.6","307.6","307.6","287","287","287","",
"Panama","PAN","Cost to import, border compliance (US$)","IC.IMP.CSBC.CD","","","","","","","","","","","","","","","","","","","","","","","","","","","","","","","","","","","","","","","","","","","","","","","","","","","","","","","490","490","490","490","490","490","",
"Peru","PER","Cost to import, border compliance (US$)","IC.IMP.CSBC.CD","","","","","","","","","","","","","","","","","","","","","","","","","","","","","","","","","","","","","","","","","","","","","","","","","","","","","","","709","700","700","700","700","700","",
"Philippines","PHL","Cost to import, border compliance (US$)","IC.IMP.CSBC.CD","","","","","","","","","","","","","","","","","","","","","","","","","","","","","","","","","","","","","","","","","","","","","","","","","","","","","","","689.5","689.5","689.5","689.5","689.5","689.5","",
"Palau","PLW","Cost to import, border compliance (US$)","IC.IMP.CSBC.CD","","","","","","","","","","","","","","","","","","","","","","","","","","","","","","","","","","","","","","","","","","","","","","","","","","","","","","","605","605","605","605","605","605","",
"Papua New Guinea","PNG","Cost to import, border compliance (US$)","IC.IMP.CSBC.CD","","","","","","","","","","","","","","","","","","","","","","","","","","","","","","","","","","","","","","","","","","","","","","","","","","","","","","","790","790","790","790","790","940","",
"Poland","POL","Cost to import, border compliance (US$)","IC.IMP.CSBC.CD","","","","","","","","","","","","","","","","","","","","","","","","","","","","","","","","","","","","","","","","","","","","","","","","","","","","","","","0","0","0","0","0","0","",
"Pre-demographic dividend","PRE","Cost to import, border compliance (US$)","IC.IMP.CSBC.CD","","","","","","","","","","","","","","","","","","","","","","","","","","","","","","","","","","","","","","","","","","","","","","","","","","","","","","","787.868571428571","805.344444444444","794.927777777778","794.872222222222","792.094444444444","792.094444444444","",
"Puerto Rico","PRI","Cost to import, border compliance (US$)","IC.IMP.CSBC.CD","","","","","","","","","","","","","","","","","","","","","","","","","","","","","","","","","","","","","","","","","","","","","","","","","","","","","","","385.7","385.7","385.7","385.7","385.7","385.7","",
"Korea, Dem. People's Rep.","PRK","Cost to import, border compliance (US$)","IC.IMP.CSBC.CD","","","","","","","","","","","","","","","","","","","","","","","","","","","","","","","","","","","","","","","","","","","","","","","","","","","","","","","","","","","","","",
"Portugal","PRT","Cost to import, border compliance (US$)","IC.IMP.CSBC.CD","","","","","","","","","","","","","","","","","","","","","","","","","","","","","","","","","","","","","","","","","","","","","","","","","","","","","","","0","0","0","0","0","0","",
"Paraguay","PRY","Cost to import, border compliance (US$)","IC.IMP.CSBC.CD","","","","","","","","","","","","","","","","","","","","","","","","","","","","","","","","","","","","","","","","","","","","","","","","","","","","","","","500","500","500","500","500","500","",
"West Bank and Gaza","PSE","Cost to import, border compliance (US$)","IC.IMP.CSBC.CD","","","","","","","","","","","","","","","","","","","","","","","","","","","","","","","","","","","","","","","","","","","","","","","","","","","","","","","50","50","50","50","50","50","",
"Pacific island small states","PSS","Cost to import, border compliance (US$)","IC.IMP.CSBC.CD","","","","","","","","","","","","","","","","","","","","","","","","","","","","","","","","","","","","","","","","","","","","","","","","","","","","","","","526.433333333333","526.433333333333","526.433333333333","526.433333333333","526.433333333333","526.433333333333","",
"Post-demographic dividend","PST","Cost to import, border compliance (US$)","IC.IMP.CSBC.CD","","","","","","","","","","","","","","","","","","","","","","","","","","","","","","","","","","","","","","","","","","","","","","","","","","","","","","","148.297222222222","148.297222222222","148.297222222222","148.297222222222","149.119444444444","149.119444444444","",
"French Polynesia","PYF","Cost to import, border compliance (US$)","IC.IMP.CSBC.CD","","","","","","","","","","","","","","","","","","","","","","","","","","","","","","","","","","","","","","","","","","","","","","","","","","","","","","","","","","","","","",
"Qatar","QAT","Cost to import, border compliance (US$)","IC.IMP.CSBC.CD","","","","","","","","","","","","","","","","","","","","","","","","","","","","","","","","","","","","","","","","","","","","","","","","","","","","","","","422.8","557.8","557.8","557.8","557.8","557.8","",
"Romania","ROU","Cost to import, border compliance (US$)","IC.IMP.CSBC.CD","","","","","","","","","","","","","","","","","","","","","","","","","","","","","","","","","","","","","","","","","","","","","","","","","","","","","","","0","0","0","0","0","0","",
"Russian Federation","RUS","Cost to import, border compliance (US$)","IC.IMP.CSBC.CD","","","","","","","","","","","","","","","","","","","","","","","","","","","","","","","","","","","","","","","","","","","","","","","","","","","","","","","550","550","550","520","520","520","",
"Rwanda","RWA","Cost to import, border compliance (US$)","IC.IMP.CSBC.CD","","","","","","","","","","","","","","","","","","","","","","","","","","","","","","","","","","","","","","","","","","","","","","","","","","","","","","","285.4","530.4","282.1","282.1","282.1","282.1","",
"South Asia","SAS","Cost to import, border compliance (US$)","IC.IMP.CSBC.CD","","","","","","","","","","","","","","","","","","","","","","","","","","","","","","","","","","","","","","","","","","","","","","","","","","","","","","","522.1875","522.1875","513.9875","507.5625","481.0375","472.925","",
"Saudi Arabia","SAU","Cost to import, border compliance (US$)","IC.IMP.CSBC.CD","","","","","","","","","","","","","","","","","","","","","","","","","","","","","","","","","","","","","","","","","","","","","","","","","","","","","","","778.8","778.8","778.8","778.8","778.8","464.5","",
"Sudan","SDN","Cost to import, border compliance (US$)","IC.IMP.CSBC.CD","","","","","","","","","","","","","","","","","","","","","","","","","","","","","","","","","","","","","","","","","","","","","","","","","","","","","","","1092.5","1092.5","1092.5","1092.5","1092.5","1092.5","",
"Senegal","SEN","Cost to import, border compliance (US$)","IC.IMP.CSBC.CD","","","","","","","","","","","","","","","","","","","","","","","","","","","","","","","","","","","","","","","","","","","","","","","","","","","","","","","701.7","701.7","701.7","701.7","701.7","701.7","",
"Singapore","SGP","Cost to import, border compliance (US$)","IC.IMP.CSBC.CD","","","","","","","","","","","","","","","","","","","","","","","","","","","","","","","","","","","","","","","","","","","","","","","","","","","","","","","220","220","220","220","220","220","",
"Solomon Islands","SLB","Cost to import, border compliance (US$)","IC.IMP.CSBC.CD","","","","","","","","","","","","","","","","","","","","","","","","","","","","","","","","","","","","","","","","","","","","","","","","","","","","","","","740","740","740","740","740","740","",
"Sierra Leone","SLE","Cost to import, border compliance (US$)","IC.IMP.CSBC.CD","","","","","","","","","","","","","","","","","","","","","","","","","","","","","","","","","","","","","","","","","","","","","","","","","","","","","","","821","821","821","821","821","821","",
"El Salvador","SLV","Cost to import, border compliance (US$)","IC.IMP.CSBC.CD","","","","","","","","","","","","","","","","","","","","","","","","","","","","","","","","","","","","","","","","","","","","","","","","","","","","","","","128.3","128.3","128.3","128.3","128.3","128.3","",
"San Marino","SMR","Cost to import, border compliance (US$)","IC.IMP.CSBC.CD","","","","","","","","","","","","","","","","","","","","","","","","","","","","","","","","","","","","","","","","","","","","","","","","","","","","","","","50","50","50","50","50","50","",
"Somalia","SOM","Cost to import, border compliance (US$)","IC.IMP.CSBC.CD","","","","","","","","","","","","","","","","","","","","","","","","","","","","","","","","","","","","","","","","","","","","","","","","","","","","","","","","952","952","952","952","952","",
"Serbia","SRB","Cost to import, border compliance (US$)","IC.IMP.CSBC.CD","","","","","","","","","","","","","","","","","","","","","","","","","","","","","","","","","","","","","","","","","","","","","","","","","","","","","","","52","52","52","52","52","52","",
"Sub-Saharan Africa (excluding high income)","SSA","Cost to import, border compliance (US$)","IC.IMP.CSBC.CD","","","","","","","","","","","","","","","","","","","","","","","","","","","","","","","","","","","","","","","","","","","","","","","","","","","","","","","678.98","700.35","700.223913043478","700.180434782609","698.191304347826","698.191304347826","",
"South Sudan","SSD","Cost to import, border compliance (US$)","IC.IMP.CSBC.CD","","","","","","","","","","","","","","","","","","","","","","","","","","","","","","","","","","","","","","","","","","","","","","","","","","","","","","","781.3","781.3","781.3","781.3","781.3","781.3","",
"Sub-Saharan Africa","SSF","Cost to import, border compliance (US$)","IC.IMP.CSBC.CD","","","","","","","","","","","","","","","","","","","","","","","","","","","","","","","","","","","","","","","","","","","","","","","","","","","","","","","671.623913043478","692.695744680851","692.572340425532","692.529787234042","690.582978723404","690.582978723404","",
"Small states","SST","Cost to import, border compliance (US$)","IC.IMP.CSBC.CD","","","","","","","","","","","","","","","","","","","","","","","","","","","","","","","","","","","","","","","","","","","","","","","","","","","","","","","556.591666666667","559.404166666667","558.789583333333","558.789583333333","558.789583333333","558.789583333333","",
"Sao Tome and Principe","STP","Cost to import, border compliance (US$)","IC.IMP.CSBC.CD","","","","","","","","","","","","","","","","","","","","","","","","","","","","","","","","","","","","","","","","","","","","","","","","","","","","","","","406","406","406","406","406","406","",
"Suriname","SUR","Cost to import, border compliance (US$)","IC.IMP.CSBC.CD","","","","","","","","","","","","","","","","","","","","","","","","","","","","","","","","","","","","","","","","","","","","","","","","","","","","","","","505","505","658","658","658","658","",
"Slovak Republic","SVK","Cost to import, border compliance (US$)","IC.IMP.CSBC.CD","","","","","","","","","","","","","","","","","","","","","","","","","","","","","","","","","","","","","","","","","","","","","","","","","","","","","","","0","0","0","0","0","0","",
"Slovenia","SVN","Cost to import, border compliance (US$)","IC.IMP.CSBC.CD","","","","","","","","","","","","","","","","","","","","","","","","","","","","","","","","","","","","","","","","","","","","","","","","","","","","","","","0","0","0","0","0","0","",
"Sweden","SWE","Cost to import, border compliance (US$)","IC.IMP.CSBC.CD","","","","","","","","","","","","","","","","","","","","","","","","","","","","","","","","","","","","","","","","","","","","","","","","","","","","","","","0","0","0","0","0","0","",
"Eswatini","SWZ","Cost to import, border compliance (US$)","IC.IMP.CSBC.CD","","","","","","","","","","","","","","","","","","","","","","","","","","","","","","","","","","","","","","","","","","","","","","","","","","","","","","","134.4","134.4","134.4","134.4","134.4","134.4","",
"Sint Maarten (Dutch part)","SXM","Cost to import, border compliance (US$)","IC.IMP.CSBC.CD","","","","","","","","","","","","","","","","","","","","","","","","","","","","","","","","","","","","","","","","","","","","","","","","","","","","","","","","","","","","","",
"Seychelles","SYC","Cost to import, border compliance (US$)","IC.IMP.CSBC.CD","","","","","","","","","","","","","","","","","","","","","","","","","","","","","","","","","","","","","","","","","","","","","","","","","","","","","","","340.6","340.6","340.6","340.6","340.6","340.6","",
"Syrian Arab Republic","SYR","Cost to import, border compliance (US$)","IC.IMP.CSBC.CD","","","","","","","","","","","","","","","","","","","","","","","","","","","","","","","","","","","","","","","","","","","","","","","","","","","","","","","827.8","827.8","827.8","827.8","827.8","827.8","",
"Turks and Caicos Islands","TCA","Cost to import, border compliance (US$)","IC.IMP.CSBC.CD","","","","","","","","","","","","","","","","","","","","","","","","","","","","","","","","","","","","","","","","","","","","","","","","","","","","","","","","","","","","","",
"Chad","TCD","Cost to import, border compliance (US$)","IC.IMP.CSBC.CD","","","","","","","","","","","","","","","","","","","","","","","","","","","","","","","","","","","","","","","","","","","","","","","","","","","","","","","965","965","965","965","965","965","",
"East Asia & Pacific (IDA & IBRD countries)","TEA","Cost to import, border compliance (US$)","IC.IMP.CSBC.CD","","","","","","","","","","","","","","","","","","","","","","","","","","","","","","","","","","","","","","","","","","","","","","","","","","","","","","","461.6","461.6","465.885714285714","464.97619047619","442.095238095238","445.204761904762","",
"Europe & Central Asia (IDA & IBRD countries)","TEC","Cost to import, border compliance (US$)","IC.IMP.CSBC.CD","","","","","","","","","","","","","","","","","","","","","","","","","","","","","","","","","","","","","","","","","","","","","","","","","","","","","","","176.277272727273","169.459090909091","165.004545454545","159.095454545455","148.509090909091","148.509090909091","",
"Togo","TGO","Cost to import, border compliance (US$)","IC.IMP.CSBC.CD","","","","","","","","","","","","","","","","","","","","","","","","","","","","","","","","","","","","","","","","","","","","","","","","","","","","","","","611.7","611.7","611.7","611.7","611.7","611.7","",
"Thailand","THA","Cost to import, border compliance (US$)","IC.IMP.CSBC.CD","","","","","","","","","","","","","","","","","","","","","","","","","","","","","","","","","","","","","","","","","","","","","","","","","","","","","","","232.5","232.5","232.5","232.5","232.5","232.5","",
"Tajikistan","TJK","Cost to import, border compliance (US$)","IC.IMP.CSBC.CD","","","","","","","","","","","","","","","","","","","","","","","","","","","","","","","","","","","","","","","","","","","","","","","","","","","","","","","223.3","223.3","223.3","223.3","223.3","223.3","",
"Turkmenistan","TKM","Cost to import, border compliance (US$)","IC.IMP.CSBC.CD","","","","","","","","","","","","","","","","","","","","","","","","","","","","","","","","","","","","","","","","","","","","","","","","","","","","","","","","","","","","","",
"Latin America & the Caribbean (IDA & IBRD countries)","TLA","Cost to import, border compliance (US$)","IC.IMP.CSBC.CD","","","","","","","","","","","","","","","","","","","","","","","","","","","","","","","","","","","","","","","","","","","","","","","","","","","","","","","607.326666666667","607.026666666667","603.72","603.053333333333","588.163333333333","559.479310344828","",
"Timor-Leste","TLS","Cost to import, border compliance (US$)","IC.IMP.CSBC.CD","","","","","","","","","","","","","","","","","","","","","","","","","","","","","","","","","","","","","","","","","","","","","","","","","","","","","","","410","410","410","410","410","410","",
"Middle East & North Africa (IDA & IBRD countries)","TMN","Cost to import, border compliance (US$)","IC.IMP.CSBC.CD","","","","","","","","","","","","","","","","","","","","","","","","","","","","","","","","","","","","","","","","","","","","","","","","","","","","","","","600.681818181818","600.681818181818","600.681818181818","600.681818181818","600.681818181818","600.681818181818","",
"Tonga","TON","Cost to import, border compliance (US$)","IC.IMP.CSBC.CD","","","","","","","","","","","","","","","","","","","","","","","","","","","","","","","","","","","","","","","","","","","","","","","","","","","","","","","330","330","330","330","330","330","",
"South Asia (IDA & IBRD)","TSA","Cost to import, border compliance (US$)","IC.IMP.CSBC.CD","","","","","","","","","","","","","","","","","","","","","","","","","","","","","","","","","","","","","","","","","","","","","","","","","","","","","","","522.1875","522.1875","513.9875","507.5625","481.0375","472.925","",
"Sub-Saharan Africa (IDA & IBRD countries)","TSS","Cost to import, border compliance (US$)","IC.IMP.CSBC.CD","","","","","","","","","","","","","","","","","","","","","","","","","","","","","","","","","","","","","","","","","","","","","","","","","","","","","","","671.623913043478","692.695744680851","692.572340425532","692.529787234043","690.582978723404","690.582978723404","",
"Trinidad and Tobago","TTO","Cost to import, border compliance (US$)","IC.IMP.CSBC.CD","","","","","","","","","","","","","","","","","","","","","","","","","","","","","","","","","","","","","","","","","","","","","","","","","","","","","","","635","635","635","635","635","635","",
"Tunisia","TUN","Cost to import, border compliance (US$)","IC.IMP.CSBC.CD","","","","","","","","","","","","","","","","","","","","","","","","","","","","","","","","","","","","","","","","","","","","","","","","","","","","","","","596.2","596.2","596.2","596.2","596.2","596.2","",
"Turkey","TUR","Cost to import, border compliance (US$)","IC.IMP.CSBC.CD","","","","","","","","","","","","","","","","","","","","","","","","","","","","","","","","","","","","","","","","","","","","","","","","","","","","","","","266.5","266.5","266.5","266.5","46","46","",
"Tuvalu","TUV","Cost to import, border compliance (US$)","IC.IMP.CSBC.CD","","","","","","","","","","","","","","","","","","","","","","","","","","","","","","","","","","","","","","","","","","","","","","","","","","","","","","","","","","","","","",
"Tanzania","TZA","Cost to import, border compliance (US$)","IC.IMP.CSBC.CD","","","","","","","","","","","","","","","","","","","","","","","","","","","","","","","","","","","","","","","","","","","","","","","","","","","","","","","1350","1350","1350","1350","1350","1350","",
"Uganda","UGA","Cost to import, border compliance (US$)","IC.IMP.CSBC.CD","","","","","","","","","","","","","","","","","","","","","","","","","","","","","","","","","","","","","","","","","","","","","","","","","","","","","","","446.7","446.7","446.7","446.7","446.7","446.7","",
"Ukraine","UKR","Cost to import, border compliance (US$)","IC.IMP.CSBC.CD","","","","","","","","","","","","","","","","","","","","","","","","","","","","","","","","","","","","","","","","","","","","","","","","","","","","","","","100","100","100","100","100","100","",
"Upper middle income","UMC","Cost to import, border compliance (US$)","IC.IMP.CSBC.CD","","","","","","","","","","","","","","","","","","","","","","","","","","","","","","","","","","","","","","","","","","","","","","","","","","","","","","","462","458.882352941176","456.774509803921","454.225490196078","431.888235294118","431.796078431373","",
"Uruguay","URY","Cost to import, border compliance (US$)","IC.IMP.CSBC.CD","","","","","","","","","","","","","","","","","","","","","","","","","","","","","","","","","","","","","","","","","","","","","","","","","","","","","","","500","500","500","500","500","500","",
"United States","USA","Cost to import, border compliance (US$)","IC.IMP.CSBC.CD","","","","","","","","","","","","","","","","","","","","","","","","","","","","","","","","","","","","","","","","","","","","","","","","","","","","","","","175","175","175","175","175","175","",
"Uzbekistan","UZB","Cost to import, border compliance (US$)","IC.IMP.CSBC.CD","","","","","","","","","","","","","","","","","","","","","","","","","","","","","","","","","","","","","","","","","","","","","","","","","","","","","","","277.9","277.9","277.9","277.9","277.9","277.9","",
"St. Vincent and the Grenadines","VCT","Cost to import, border compliance (US$)","IC.IMP.CSBC.CD","","","","","","","","","","","","","","","","","","","","","","","","","","","","","","","","","","","","","","","","","","","","","","","","","","","","","","","540","540","540","540","540","540","",
"Venezuela, RB","VEN","Cost to import, border compliance (US$)","IC.IMP.CSBC.CD","","","","","","","","","","","","","","","","","","","","","","","","","","","","","","","","","","","","","","","","","","","","","","","","","","","","","","","1500","1500","1500","1500","1500","","",
"British Virgin Islands","VGB","Cost to import, border compliance (US$)","IC.IMP.CSBC.CD","","","","","","","","","","","","","","","","","","","","","","","","","","","","","","","","","","","","","","","","","","","","","","","","","","","","","","","","","","","","","",
"Virgin Islands (U.S.)","VIR","Cost to import, border compliance (US$)","IC.IMP.CSBC.CD","","","","","","","","","","","","","","","","","","","","","","","","","","","","","","","","","","","","","","","","","","","","","","","","","","","","","","","","","","","","","",
"Vietnam","VNM","Cost to import, border compliance (US$)","IC.IMP.CSBC.CD","","","","","","","","","","","","","","","","","","","","","","","","","","","","","","","","","","","","","","","","","","","","","","","","","","","","","","","392.1","392.1","392.1","373","373","373","",
"Vanuatu","VUT","Cost to import, border compliance (US$)","IC.IMP.CSBC.CD","","","","","","","","","","","","","","","","","","","","","","","","","","","","","","","","","","","","","","","","","","","","","","","","","","","","","","","680.6","680.6","680.6","680.6","680.6","680.6","",
"World","WLD","Cost to import, border compliance (US$)","IC.IMP.CSBC.CD","","","","","","","","","","","","","","","","","","","","","","","","","","","","","","","","","","","","","","","","","","","","","","","","","","","","","","","455.532085561497","461.821808510638","460.871808510638","459.901063829787","450.487830687831","442.201063829787","",
"Samoa","WSM","Cost to import, border compliance (US$)","IC.IMP.CSBC.CD","","","","","","","","","","","","","","","","","","","","","","","","","","","","","","","","","","","","","","","","","","","","","","","","","","","","","","","900","900","900","900","900","900","",
"Kosovo","XKX","Cost to import, border compliance (US$)","IC.IMP.CSBC.CD","","","","","","","","","","","","","","","","","","","","","","","","","","","","","","","","","","","","","","","","","","","","","","","","","","","","","","","128.3","128.3","128.3","128.3","128.3","128.3","",
"Yemen, Rep.","YEM","Cost to import, border compliance (US$)","IC.IMP.CSBC.CD","","","","","","","","","","","","","","","","","","","","","","","","","","","","","","","","","","","","","","","","","","","","","","","","","","","","","","","","","","","","","",
"South Africa","ZAF","Cost to import, border compliance (US$)","IC.IMP.CSBC.CD","","","","","","","","","","","","","","","","","","","","","","","","","","","","","","","","","","","","","","","","","","","","","","","","","","","","","","","667.5","667.5","667.5","667.5","676","676","",
"Zambia","ZMB","Cost to import, border compliance (US$)","IC.IMP.CSBC.CD","","","","","","","","","","","","","","","","","","","","","","","","","","","","","","","","","","","","","","","","","","","","","","","","","","","","","","","380","380","380","380","380","380","",
"Zimbabwe","ZWE","Cost to import, border compliance (US$)","IC.IMP.CSBC.CD","","","","","","","","","","","","","","","","","","","","","","","","","","","","","","","","","","","","","","","","","","","","","","","","","","","","","","","211.7","211.7","561.7","561.7","561.7","561.7","",
