Country Name,Country Code,Indicator Name,Indicator Code,1990,1991,1992,1993,1994,1995,1996,1997,1998,1999,2000,2001,2002,2003,2004,2005,2006,2007,2008,2009,2010,2011,2012,2013,2014,2015,2016,2017,2018,2019,2020
Aruba,ABW,Electricity production from coal sources (% of total),EG.ELC.COAL.ZS,Unknown,Unknown,Unknown,Unknown,Unknown,Unknown,Unknown,Unknown,Unknown,Unknown,Unknown,Unknown,Unknown,Unknown,Unknown,Unknown,Unknown,Unknown,Unknown,Unknown,Unknown,Unknown,Unknown,Unknown,Unknown,Unknown,Unknown,Unknown,Unknown,Unknown,Unknown
Africa Eastern and Southern,AFE,Electricity production from coal sources (% of total),EG.ELC.COAL.ZS,74.0560444,73.4537715,74.59152965,76.21284809,75.25722571,74.44850404,75.18358671,74.96071271,72.63548881,72.07674335,71.48062467,71.13400922,70.6338357,71.5310622,71.02317719,70.71648457,70.06993344,69.88493805,69.08723733,67.45529638,67.28442467,66.5062917,66.15900494,64.46871135,62.30232541,61.20432261,61.20432261,61.20432261,61.20432261,61.20432261,61.20432261
Afghanistan,AFG,Electricity production from coal sources (% of total),EG.ELC.COAL.ZS,Unknown,Unknown,Unknown,Unknown,Unknown,Unknown,Unknown,Unknown,Unknown,Unknown,Unknown,Unknown,Unknown,Unknown,Unknown,Unknown,Unknown,Unknown,Unknown,Unknown,Unknown,Unknown,Unknown,Unknown,Unknown,Unknown,Unknown,Unknown,Unknown,Unknown,Unknown
Africa Western and Central,AFW,Electricity production from coal sources (% of total),EG.ELC.COAL.ZS,0.042634056,0.040956122,0.042346204,0,0,0,0,0,0,0,0.347567407,0.327245713,0.299100168,0.328209712,0.299448043,0.305935011,0.307258684,0.28681728,0.324389058,0.355608521,0.323382922,0.388456897,0.367485226,0.327521029,0.326376693,0.287307515,0.287307515,0.287307515,0.287307515,0.287307515,0.287307515
Angola,AGO,Electricity production from coal sources (% of total),EG.ELC.COAL.ZS,0,0,0,0,0,0,0,0,0,0,0,0,0,0,0,0,0,0,0,0,0,0,0,0,0,0,0,0,0,0,0
Albania,ALB,Electricity production from coal sources (% of total),EG.ELC.COAL.ZS,0,0,0,0,0,0,0,0,0,0,0,0,0,0,0,0,0,0,0,0,0,0,0,0,0,0,0,0,0,0,0
Andorra,AND,Electricity production from coal sources (% of total),EG.ELC.COAL.ZS,Unknown,Unknown,Unknown,Unknown,Unknown,Unknown,Unknown,Unknown,Unknown,Unknown,Unknown,Unknown,Unknown,Unknown,Unknown,Unknown,Unknown,Unknown,Unknown,Unknown,Unknown,Unknown,Unknown,Unknown,Unknown,Unknown,Unknown,Unknown,Unknown,Unknown,Unknown
Arab World,ARB,Electricity production from coal sources (% of total),EG.ELC.COAL.ZS,0.878220368,0.722370957,0.594013286,0.829170255,0.909064491,1.767422325,1.669508053,1.700210815,1.83769081,1.610034531,1.923164756,2.401399195,2.234762316,2.166988095,2.178091751,2.037403142,1.941304556,1.762740052,1.533613318,1.359937864,1.235532796,1.286167091,1.235651316,1.209756367,1.484657076,1.519196492,1.519196492,1.519196492,1.519196492,1.519196492,1.519196492
United Arab Emirates,ARE,Electricity production from coal sources (% of total),EG.ELC.COAL.ZS,0,0,0,0,0,0,0,0,0,0,0,0,0,0,0,0,0,0,0,0,0,0,0,0,0,0,0,0,0,0,0
Argentina,ARG,Electricity production from coal sources (% of total),EG.ELC.COAL.ZS,1.300748916,1.726870932,1.492457186,1.916331038,3.639915048,2.847123778,2.75091123,2.622479183,2.442847106,2.617221967,2.003149252,1.511402097,0.960297444,1.018146257,1.675235861,2.066527002,1.865835743,2.179397663,1.592875234,1.439480311,2.405339166,2.835861217,2.920509928,2.548929378,2.217283665,2.029567389,2.029567389,2.029567389,2.029567389,2.029567389,2.029567389
Armenia,ARM,Electricity production from coal sources (% of total),EG.ELC.COAL.ZS,0,0,0,0,0,0,0,0,0,0,0,0,0,0,0,0,0,0,0,0,0,0,0,0,0,0,0,0,0,0,0
American Samoa,ASM,Electricity production from coal sources (% of total),EG.ELC.COAL.ZS,Unknown,Unknown,Unknown,Unknown,Unknown,Unknown,Unknown,Unknown,Unknown,Unknown,Unknown,Unknown,Unknown,Unknown,Unknown,Unknown,Unknown,Unknown,Unknown,Unknown,Unknown,Unknown,Unknown,Unknown,Unknown,Unknown,Unknown,Unknown,Unknown,Unknown,Unknown
Antigua and Barbuda,ATG,Electricity production from coal sources (% of total),EG.ELC.COAL.ZS,Unknown,Unknown,Unknown,Unknown,Unknown,Unknown,Unknown,Unknown,Unknown,Unknown,Unknown,Unknown,Unknown,Unknown,Unknown,Unknown,Unknown,Unknown,Unknown,Unknown,Unknown,Unknown,Unknown,Unknown,Unknown,Unknown,Unknown,Unknown,Unknown,Unknown,Unknown
Australia,AUS,Electricity production from coal sources (% of total),EG.ELC.COAL.ZS,78.73508462,80.35084581,81.13821751,80.43568821,81.12030341,80.16145366,82.16781836,82.96376212,84.00002051,82.74884961,83.02757977,83.28896618,77.10860329,77.48905189,77.65639994,79.52808664,79.62161674,77.05357253,75.83483151,74.89993752,71.32764169,67.98827917,68.5549644,63.71539254,61.16432507,62.8716168,62.8716168,62.8716168,62.8716168,62.8716168,62.8716168
Austria,AUT,Electricity production from coal sources (% of total),EG.ELC.COAL.ZS,14.21210646,15.51583269,10.19443721,7.280372194,7.499376331,9.37511327,11.6007765,12.31390859,9.179037739,9.104412845,11.2553028,13.15440418,12.87681613,16.37261821,14.7042681,13.1592414,14.0481007,12.85680286,10.77190101,7.592436214,9.868401684,11.77896968,9.087469073,9.456235476,7.970332381,8.226608163,8.226608163,8.226608163,8.226608163,8.226608163,8.226608163
Azerbaijan,AZE,Electricity production from coal sources (% of total),EG.ELC.COAL.ZS,0,0,0,0,0,0,0,0,0,0,0,0,0,0,0,0,0,0,0,0,0,0,0,0,0,0,0,0,0,0,0
Burundi,BDI,Electricity production from coal sources (% of total),EG.ELC.COAL.ZS,Unknown,Unknown,Unknown,Unknown,Unknown,Unknown,Unknown,Unknown,Unknown,Unknown,Unknown,Unknown,Unknown,Unknown,Unknown,Unknown,Unknown,Unknown,Unknown,Unknown,Unknown,Unknown,Unknown,Unknown,Unknown,Unknown,Unknown,Unknown,Unknown,Unknown,Unknown
Belgium,BEL,Electricity production from coal sources (% of total),EG.ELC.COAL.ZS,28.24645763,27.02638159,25.94034449,26.71404921,27.45405868,26.2215028,24.23008331,20.91162456,20.57873896,15.02770914,19.36621845,16.2354677,15.64140896,13.89164802,13.61065996,12.24258829,10.92616304,9.515812083,8.656066425,6.855889362,6.346381337,6.119262139,6.695580794,6.278905603,6.156471148,6.108011733,6.108011733,6.108011733,6.108011733,6.108011733,6.108011733
Benin,BEN,Electricity production from coal sources (% of total),EG.ELC.COAL.ZS,0,0,0,0,0,0,0,0,0,0,0,0,0,0,0,0,0,0,0,0,0,0,0,0,0,0,0,0,0,0,0
Burkina Faso,BFA,Electricity production from coal sources (% of total),EG.ELC.COAL.ZS,Unknown,Unknown,Unknown,Unknown,Unknown,Unknown,Unknown,Unknown,Unknown,Unknown,Unknown,Unknown,Unknown,Unknown,Unknown,Unknown,Unknown,Unknown,Unknown,Unknown,Unknown,Unknown,Unknown,Unknown,Unknown,Unknown,Unknown,Unknown,Unknown,Unknown,Unknown
Bangladesh,BGD,Electricity production from coal sources (% of total),EG.ELC.COAL.ZS,0,0,0,0,0,0,0,0,0,0,0,0,0,0,0,0.616326994,0.934611087,2.389937107,3.214682331,2.937299944,1.89262074,1.87303241,1.927432972,2.306099398,1.969737667,1.689515514,1.689515514,1.689515514,1.689515514,1.689515514,1.689515514
Bulgaria,BGR,Electricity production from coal sources (% of total),EG.ELC.COAL.ZS,50.25984196,51.3924918,50.59253019,45.78782535,44.96892455,42.02302041,40.72712801,44.99659792,44.75809368,43.36252926,42.33380898,45.3829191,41.19851075,45.97902098,46.12320765,42.35649959,42.20913366,52.31618418,52.0814642,49.79353956,49.12532325,55.04867761,49.11226089,45.02542432,45.4003026,46.20655697,46.20655697,46.20655697,46.20655697,46.20655697,46.20655697
Bahrain,BHR,Electricity production from coal sources (% of total),EG.ELC.COAL.ZS,0,0,0,0,0,0,0,0,0,0,0,0,0,0,0,0,0,0,0,0,0,0,0,0,0,0,0,0,0,0,0
"Bahamas, The",BHS,Electricity production from coal sources (% of total),EG.ELC.COAL.ZS,Unknown,Unknown,Unknown,Unknown,Unknown,Unknown,Unknown,Unknown,Unknown,Unknown,Unknown,Unknown,Unknown,Unknown,Unknown,Unknown,Unknown,Unknown,Unknown,Unknown,Unknown,Unknown,Unknown,Unknown,Unknown,Unknown,Unknown,Unknown,Unknown,Unknown,Unknown
Bosnia and Herzegovina,BIH,Electricity production from coal sources (% of total),EG.ELC.COAL.ZS,71.76052488,62.72760247,47.77011494,28.85482417,17.64844486,16.40536242,29.26430518,46.48031945,49.33348022,45.10537719,50.69517691,50.43241211,49.89337042,58.83188354,51.98774356,51.28551024,54.79750545,64.7233537,67.16589085,59.554506,52.53445457,70.71989529,69.50007101,58.07690104,62.81559406,63.97722183,63.97722183,63.97722183,63.97722183,63.97722183,63.97722183
Belarus,BLR,Electricity production from coal sources (% of total),EG.ELC.COAL.ZS,0,0,0,0,0,0,0,0,0,0,0,0,0,0,0,0,0,0,0,0,0,0,0,0,0,0,0,0,0,0,0
Belize,BLZ,Electricity production from coal sources (% of total),EG.ELC.COAL.ZS,Unknown,Unknown,Unknown,Unknown,Unknown,Unknown,Unknown,Unknown,Unknown,Unknown,Unknown,Unknown,Unknown,Unknown,Unknown,Unknown,Unknown,Unknown,Unknown,Unknown,Unknown,Unknown,Unknown,Unknown,Unknown,Unknown,Unknown,Unknown,Unknown,Unknown,Unknown
Bermuda,BMU,Electricity production from coal sources (% of total),EG.ELC.COAL.ZS,Unknown,Unknown,Unknown,Unknown,Unknown,Unknown,Unknown,Unknown,Unknown,Unknown,Unknown,Unknown,Unknown,Unknown,Unknown,Unknown,Unknown,Unknown,Unknown,Unknown,Unknown,Unknown,Unknown,Unknown,Unknown,Unknown,Unknown,Unknown,Unknown,Unknown,Unknown
Bolivia,BOL,Electricity production from coal sources (% of total),EG.ELC.COAL.ZS,0,0,0,0,0,0,0,0,0,0,0,0,0,0,0,0,0,0,0,0,0,0,0,0,0,0,0,0,0,0,0
Brazil,BRA,Electricity production from coal sources (% of total),EG.ELC.COAL.ZS,2.133551146,2.425579302,2.109774461,1.985903419,1.934310359,2.003621177,2.09284601,2.397867408,2.193020625,2.9374156,3.154395116,3.398090762,2.662647431,2.495752582,2.731169974,2.665290435,2.503952668,2.268464125,2.607829968,2.098596716,2.198373227,2.327943027,2.591635542,3.813019177,4.52957838,4.722411339,4.722411339,4.722411339,4.722411339,4.722411339,4.722411339
Barbados,BRB,Electricity production from coal sources (% of total),EG.ELC.COAL.ZS,Unknown,Unknown,Unknown,Unknown,Unknown,Unknown,Unknown,Unknown,Unknown,Unknown,Unknown,Unknown,Unknown,Unknown,Unknown,Unknown,Unknown,Unknown,Unknown,Unknown,Unknown,Unknown,Unknown,Unknown,Unknown,Unknown,Unknown,Unknown,Unknown,Unknown,Unknown
Brunei Darussalam,BRN,Electricity production from coal sources (% of total),EG.ELC.COAL.ZS,0,0,0,0,0,0,0,0,0,0,0,0,0,0,0,0,0,0,0,0,0,0,0,0,0,0,0,0,0,0,0
Bhutan,BTN,Electricity production from coal sources (% of total),EG.ELC.COAL.ZS,Unknown,Unknown,Unknown,Unknown,Unknown,Unknown,Unknown,Unknown,Unknown,Unknown,Unknown,Unknown,Unknown,Unknown,Unknown,Unknown,Unknown,Unknown,Unknown,Unknown,Unknown,Unknown,Unknown,Unknown,Unknown,Unknown,Unknown,Unknown,Unknown,Unknown,Unknown
Botswana,BWA,Electricity production from coal sources (% of total),EG.ELC.COAL.ZS,88.0794702,96.47058824,97.33096085,97.06405694,97.51838235,97.98270893,97.22589168,96.87092568,97.87234043,97.6085031,97.63157895,97.87422498,97.46945899,97.2168906,94.76386037,99.42965779,99.3896236,99.27536232,100,100,100,91.42259414,71.42857143,82.34019502,95.67661046,96.35995956,96.35995956,96.35995956,96.35995956,96.35995956,96.35995956
Central African Republic,CAF,Electricity production from coal sources (% of total),EG.ELC.COAL.ZS,Unknown,Unknown,Unknown,Unknown,Unknown,Unknown,Unknown,Unknown,Unknown,Unknown,Unknown,Unknown,Unknown,Unknown,Unknown,Unknown,Unknown,Unknown,Unknown,Unknown,Unknown,Unknown,Unknown,Unknown,Unknown,Unknown,Unknown,Unknown,Unknown,Unknown,Unknown
Canada,CAN,Electricity production from coal sources (% of total),EG.ELC.COAL.ZS,17.05664041,17.40251465,17.30417718,15.48230934,15.59388345,15.60753922,15.70735641,17.3303696,19.034664,18.6406308,19.416905,19.98897894,19.60166878,19.10500015,16.87979795,16.20984845,15.24984945,16.10280444,14.8664432,12.91866578,13.17218012,11.81288719,10.11606045,9.799397215,9.917127733,9.836449295,9.836449295,9.836449295,9.836449295,9.836449295,9.836449295
Central Europe and the Baltics,CEB,Electricity production from coal sources (% of total),EG.ELC.COAL.ZS,55.65273706,55.45078009,59.16958389,58.89739309,58.62498072,58.24136992,57.45879378,58.07971293,56.88619332,57.31562948,59.4213238,57.93218079,56.16536544,57.63815388,56.04990614,55.25787193,56.08717187,56.83408594,55.19768608,53.86489836,53.24382119,55.0559676,53.07206166,51.1579079,49.61770225,50.34462137,50.34462137,50.34462137,50.34462137,50.34462137,50.34462137
Switzerland,CHE,Electricity production from coal sources (% of total),EG.ELC.COAL.ZS,0.072737853,0.015821672,0.015434216,0.001643115,0.001528585,0.001606477,0,0,0,0,0,0,0,0,0,0,0,0,0,0,0,0,0,0,0,0,0,0,0,0,0
Channel Islands,CHI,Electricity production from coal sources (% of total),EG.ELC.COAL.ZS,Unknown,Unknown,Unknown,Unknown,Unknown,Unknown,Unknown,Unknown,Unknown,Unknown,Unknown,Unknown,Unknown,Unknown,Unknown,Unknown,Unknown,Unknown,Unknown,Unknown,Unknown,Unknown,Unknown,Unknown,Unknown,Unknown,Unknown,Unknown,Unknown,Unknown,Unknown
Chile,CHL,Electricity production from coal sources (% of total),EG.ELC.COAL.ZS,35.51600261,21.29151846,11.63081876,11.86934966,18.56628556,22.80301138,30.90814434,28.15268643,31.94119801,33.2638708,21.12630371,11.37288096,11.56831765,10.41662218,15.07186377,13.74133069,19.15943601,22.66147088,23.63660726,24.53311814,27.90813118,29.85558413,36.32492724,41.38096216,36.33848476,37.14433523,37.14433523,37.14433523,37.14433523,37.14433523,37.14433523
China,CHN,Electricity production from coal sources (% of total),EG.ELC.COAL.ZS,71.03906849,73.50791367,75.03179409,73.50378519,74.78962989,73.7489508,76.19760424,76.35928894,75.63614561,77.67118548,78.21363715,76.25245704,77.54358093,79.55556835,78.17369805,79.19611784,80.33949603,80.95423534,78.75051375,78.38266989,77.18719414,78.87712304,75.65891205,75.27906857,72.63390781,70.30942695,70.30942695,70.30942695,70.30942695,70.30942695,70.30942695
Cote d'Ivoire,CIV,Electricity production from coal sources (% of total),EG.ELC.COAL.ZS,0,0,0,0,0,0,0,0,0,0,0,0,0,0,0,0,0,0,0,0,0,0,0,0,0,0,0,0,0,0,0
Cameroon,CMR,Electricity production from coal sources (% of total),EG.ELC.COAL.ZS,0,0,0,0,0,0,0,0,0,0,0,0,0,0,0,0,0,0,0,0,0,0,0,0,0,0,0,0,0,0,0
"Congo, Dem. Rep.",COD,Electricity production from coal sources (% of total),EG.ELC.COAL.ZS,0,0,0,0,0,0,0,0,0,0,0,0,0,0,0,0,0,0,0,0,0,0,0,0,0,0,0,0,0,0,0
"Congo, Rep.",COG,Electricity production from coal sources (% of total),EG.ELC.COAL.ZS,0,0,0,0,0,0,0,0,0,0,0,0,0,0,0,0,0,0,0,0,0,0,0,0,0,0,0,0,0,0,0
Colombia,COL,Electricity production from coal sources (% of total),EG.ELC.COAL.ZS,10.19886129,10.28115707,14.17253521,11.2814129,8.551281122,10.00327746,4.31945021,6.866943168,5.966991113,4.565410303,5.103768116,5.43713457,5.12410639,6.29122709,4.014561838,4.9049407,5.458941691,6.297986383,5.413135972,7.412203188,6.891155089,3.770182772,5.471782861,8.992484667,10.17814608,11.85215237,11.85215237,11.85215237,11.85215237,11.85215237,11.85215237
Comoros,COM,Electricity production from coal sources (% of total),EG.ELC.COAL.ZS,Unknown,Unknown,Unknown,Unknown,Unknown,Unknown,Unknown,Unknown,Unknown,Unknown,Unknown,Unknown,Unknown,Unknown,Unknown,Unknown,Unknown,Unknown,Unknown,Unknown,Unknown,Unknown,Unknown,Unknown,Unknown,Unknown,Unknown,Unknown,Unknown,Unknown,Unknown
Cabo Verde,CPV,Electricity production from coal sources (% of total),EG.ELC.COAL.ZS,Unknown,Unknown,Unknown,Unknown,Unknown,Unknown,Unknown,Unknown,Unknown,Unknown,Unknown,Unknown,Unknown,Unknown,Unknown,Unknown,Unknown,Unknown,Unknown,Unknown,Unknown,Unknown,Unknown,Unknown,Unknown,Unknown,Unknown,Unknown,Unknown,Unknown,Unknown
Costa Rica,CRI,Electricity production from coal sources (% of total),EG.ELC.COAL.ZS,0,0,0,0,0,0,0,0,0,0,0,0,0,0,0,0,0,0,0,0,0,0,0,0,0,0,0,0,0,0,0
Caribbean small states,CSS,Electricity production from coal sources (% of total),EG.ELC.COAL.ZS,Unknown,Unknown,Unknown,Unknown,Unknown,Unknown,Unknown,Unknown,Unknown,Unknown,Unknown,Unknown,Unknown,Unknown,Unknown,Unknown,Unknown,Unknown,Unknown,Unknown,Unknown,Unknown,Unknown,Unknown,Unknown,Unknown,Unknown,Unknown,Unknown,Unknown,Unknown
Cuba,CUB,Electricity production from coal sources (% of total),EG.ELC.COAL.ZS,0,0,0,0,0,0,0,0,0,0,0,0,0,0,0,0,0,0,0,0,0,0,0,0,0,0,0,0,0,0,0
Curacao,CUW,Electricity production from coal sources (% of total),EG.ELC.COAL.ZS,0,0,0,0,0,0,0,0,0,0,0,0,0,0,0,0,0,0,0,0,0,0,0,0,0,0,0,0,0,0,0
Cayman Islands,CYM,Electricity production from coal sources (% of total),EG.ELC.COAL.ZS,Unknown,Unknown,Unknown,Unknown,Unknown,Unknown,Unknown,Unknown,Unknown,Unknown,Unknown,Unknown,Unknown,Unknown,Unknown,Unknown,Unknown,Unknown,Unknown,Unknown,Unknown,Unknown,Unknown,Unknown,Unknown,Unknown,Unknown,Unknown,Unknown,Unknown,Unknown
Cyprus,CYP,Electricity production from coal sources (% of total),EG.ELC.COAL.ZS,0,0,0,0,0,0,0,0,0,0,0,0,0,0,0,0,0,0,0,0,0,0,0,0,0,0,0,0,0,0,0
Czech Republic,CZE,Electricity production from coal sources (% of total),EG.ELC.COAL.ZS,76.44007644,76.56141166,75.34077247,74.54734545,73.22269606,74.06520842,73.55655485,74.3557002,73.58411736,72.1473215,75.39054464,74.00517283,68.77162971,64.1252898,63.04451605,63.79392416,62.46563225,64.5902648,62.25103548,59.57100157,58.30246624,57.06992717,53.71855065,50.82201656,51.15516593,53.06115038,53.06115038,53.06115038,53.06115038,53.06115038,53.06115038
Germany,DEU,Electricity production from coal sources (% of total),EG.ELC.COAL.ZS,58.73112389,59.14606607,57.1244135,57.37846109,56.52802239,55.62260001,54.96058588,53.35860047,54.11993664,52.15448516,53.14609313,51.83953558,52.6833736,52.08423417,50.42963157,48.34589152,47.16388613,48.65235938,44.99479807,44.11355909,43.64242247,44.8562978,46.01646898,47.24122949,45.8101933,44.26280916,44.26280916,44.26280916,44.26280916,44.26280916,44.26280916
Djibouti,DJI,Electricity production from coal sources (% of total),EG.ELC.COAL.ZS,Unknown,Unknown,Unknown,Unknown,Unknown,Unknown,Unknown,Unknown,Unknown,Unknown,Unknown,Unknown,Unknown,Unknown,Unknown,Unknown,Unknown,Unknown,Unknown,Unknown,Unknown,Unknown,Unknown,Unknown,Unknown,Unknown,Unknown,Unknown,Unknown,Unknown,Unknown
Dominica,DMA,Electricity production from coal sources (% of total),EG.ELC.COAL.ZS,Unknown,Unknown,Unknown,Unknown,Unknown,Unknown,Unknown,Unknown,Unknown,Unknown,Unknown,Unknown,Unknown,Unknown,Unknown,Unknown,Unknown,Unknown,Unknown,Unknown,Unknown,Unknown,Unknown,Unknown,Unknown,Unknown,Unknown,Unknown,Unknown,Unknown,Unknown
Denmark,DNK,Electricity production from coal sources (% of total),EG.ELC.COAL.ZS,90.67046417,91.51730743,87.69926475,86.32189321,82.03952881,74.42189455,74.02672539,64.8899921,57.53168098,51.59558068,46.24580479,47.22892205,46.47084277,54.79366042,46.17914729,42.66125917,53.85981452,50.59263404,47.68953463,48.61336338,43.75997118,39.67186125,34.32787206,41.13634401,34.37733035,24.54485784,24.54485784,24.54485784,24.54485784,24.54485784,24.54485784
Dominican Republic,DOM,Electricity production from coal sources (% of total),EG.ELC.COAL.ZS,1.162790698,12.50320924,8.278086364,10.06912012,2.706527508,3.669892277,3.945578231,3.676064124,0,0,0,1.468405842,4.220918586,9.0289845,10.48812665,10.22761083,11.48639315,12.24612106,13.14672327,13.97643384,12.24706429,12.36268851,12.76286743,11.75702866,14.01879742,12.85691066,12.85691066,12.85691066,12.85691066,12.85691066,12.85691066
Algeria,DZA,Electricity production from coal sources (% of total),EG.ELC.COAL.ZS,0,0,0,0,0,0,0,0,0,0,0,0,0,0,0,0,0,0,0,0,0,0,0,0,0,0,0,0,0,0,0
East Asia & Pacific (excluding high income),EAP,Electricity production from coal sources (% of total),EG.ELC.COAL.ZS,60.98797021,63.03450266,64.24586147,62.56055309,63.35645347,62.04662824,63.88881326,64.1387002,63.71940896,65.75745036,66.92563861,65.80916336,67.23103589,69.53904462,69.0296243,70.51869448,72.28604919,73.53733994,71.53135818,71.26788377,70.64862206,72.94159398,70.25122414,70.21412467,67.83771859,66.08821464,66.08821464,66.08821464,66.08821464,66.08821464,66.08821464
Early-demographic dividend,EAR,Electricity production from coal sources (% of total),EG.ELC.COAL.ZS,32.07181191,32.41493656,32.40342467,33.03801867,32.80998708,33.30782107,34.02387174,33.80415372,32.90245746,33.01866991,33.26077015,33.73198076,33.63200613,33.03491469,32.58071407,32.32922714,32.39757564,32.42192243,32.02996658,32.07656328,32.26484911,32.88009766,34.45890299,34.76268808,35.95130119,36.52842994,36.52842994,36.52842994,36.52842994,36.52842994,36.52842994
East Asia & Pacific,EAS,Electricity production from coal sources (% of total),EG.ELC.COAL.ZS,37.83628653,39.19101341,41.04066295,41.90605374,42.74495564,42.93643326,44.62310385,45.29590402,45.91909792,47.51246625,49.39836268,50.54713142,51.94631841,54.80500138,55.19053089,57.00475134,58.80414817,60.5776799,59.99702141,60.70993517,60.1340981,62.56579033,61.5960769,62.03816818,60.45741844,59.39184615,59.39184615,59.39184615,59.39184615,59.39184615,59.39184615
Europe & Central Asia (excluding high income),ECA,Electricity production from coal sources (% of total),EG.ELC.COAL.ZS,23.34702912,23.05084398,23.92677944,23.3408747,25.19527999,24.85075711,23.98798154,24.084093,24.18638144,23.54012303,24.4521078,24.42458666,23.94395828,24.10527293,22.55322017,23.01577953,24.08406975,24.43346452,26.20226586,24.53055442,23.87697386,25.01016576,24.70879723,24.17914672,23.57488486,23.22646954,23.22646954,23.22646954,23.22646954,23.22646954,23.22646954
Europe & Central Asia,ECS,Electricity production from coal sources (% of total),EG.ELC.COAL.ZS,31.45043671,31.24782299,30.80983209,29.6927992,30.2919447,29.88357152,29.31626022,28.12093921,28.04234889,26.86507447,27.69449715,27.32172504,27.31981845,27.89179147,26.59168456,26.08771121,26.59274174,26.47022802,25.40095795,24.08250609,23.47086858,24.44314252,25.29080653,24.94573181,23.79443896,23.20958199,23.20958199,23.20958199,23.20958199,23.20958199,23.20958199
Ecuador,ECU,Electricity production from coal sources (% of total),EG.ELC.COAL.ZS,0,0,0,0,0,0,0,0,0,0,0,0,0,0,0,0,0,0,0,0,0,0,0,0,0,0,0,0,0,0,0
"Egypt, Arab Rep.",EGY,Electricity production from coal sources (% of total),EG.ELC.COAL.ZS,0,0,0,0,0,0,0,0,0,0,0,0,0,0,0,0,0,0,0,0,0,0,0,0,0,0,0,0,0,0,0
Euro area,EMU,Electricity production from coal sources (% of total),EG.ELC.COAL.ZS,32.7112945,31.65377658,30.60811843,29.40206876,29.24839917,29.24033328,28.17388402,27.43726624,27.67885573,26.80191683,27.31094844,26.2218057,26.98888385,26.79215281,26.06394662,25.10926166,24.19949035,24.66025007,21.86197314,20.98535768,20.07491102,21.1006982,22.66295393,22.3768786,21.79711449,22.05536149,22.05536149,22.05536149,22.05536149,22.05536149,22.05536149
Eritrea,ERI,Electricity production from coal sources (% of total),EG.ELC.COAL.ZS,0,0,0,0,0,0,0,0,0,0,0,0,0,0,0,0,0,0,0,0,0,0,0,0,0,0,0,0,0,0,0
Spain,ESP,Electricity production from coal sources (% of total),EG.ELC.COAL.ZS,40.1194397,38.58829459,41.56987875,40.77998443,38.91374874,40.50762096,31.53462348,33.82342834,32.66215769,36.64841598,36.60041372,30.77827406,34.36896927,29.51852413,29.03394879,27.90409231,22.99801747,24.54454196,16.0696255,12.65567772,8.823746313,15.47886517,19.04831565,14.68564018,16.47396426,18.96238913,18.96238913,18.96238913,18.96238913,18.96238913,18.96238913
Estonia,EST,Electricity production from coal sources (% of total),EG.ELC.COAL.ZS,0.436528724,0.410200314,0.608570704,0.559394538,0.743006993,0.368112274,0.38448863,0.835322196,1.114892618,1.124818578,1.891225185,2.110102558,3.18986748,2.510089576,1.921583851,2.116609505,2.507192766,2.01804758,2.636801815,4.533545962,3.154890466,3.358411541,4.228294476,2.237288136,4.153945043,5.327829509,5.327829509,5.327829509,5.327829509,5.327829509,5.327829509
Ethiopia,ETH,Electricity production from coal sources (% of total),EG.ELC.COAL.ZS,0,0,0,0,0,0,0,0,0,0,0,0,0,0,0,0,0,0,0,0,0,0,0,0,0,0,0,0,0,0,0
European Union,EUU,Electricity production from coal sources (% of total),EG.ELC.COAL.ZS,36.47772376,35.74515382,34.79782007,33.85021942,33.77028977,33.50384338,33.0621771,31.97033125,31.70138885,30.81466014,31.61652011,30.48931197,31.01839996,31.43685022,30.16346661,29.11417632,28.88737639,29.24049238,26.64408158,25.82987165,24.84394883,26.00954895,26.58530607,26.31192761,25.59534285,25.64397339,25.64397339,25.64397339,25.64397339,25.64397339,25.64397339
Fragile and conflict affected situations,FCS,Electricity production from coal sources (% of total),EG.ELC.COAL.ZS,2.62369483,2.9859004,2.501284875,2.638977814,2.567782365,2.513440399,2.261633284,2.203950577,1.876297872,1.622208573,2.526537913,3.095711342,3.085421872,2.614741885,2.696506698,2.812941723,2.198745119,2.166805286,2.027788608,1.895606823,2.104105595,2.514614557,2.489930767,2.629094652,2.220649134,2.428073069,2.428073069,2.428073069,2.428073069,2.428073069,2.428073069
Finland,FIN,Electricity production from coal sources (% of total),EG.ELC.COAL.ZS,18.46001067,17.62494395,14.10827198,17.11717612,22.26539288,18.19473725,22.36028426,19.03984041,12.24934798,13.85173561,13.10735109,15.11559219,17.80401574,23.64751085,19.96039373,10.18248279,20.75760521,18.01957044,11.88397562,16.08874828,18.75573295,14.02021741,10.78382639,15.71775405,12.35938556,8.303570127,8.303570127,8.303570127,8.303570127,8.303570127,8.303570127
Fiji,FJI,Electricity production from coal sources (% of total),EG.ELC.COAL.ZS,Unknown,Unknown,Unknown,Unknown,Unknown,Unknown,Unknown,Unknown,Unknown,Unknown,Unknown,Unknown,Unknown,Unknown,Unknown,Unknown,Unknown,Unknown,Unknown,Unknown,Unknown,Unknown,Unknown,Unknown,Unknown,Unknown,Unknown,Unknown,Unknown,Unknown,Unknown
France,FRA,Electricity production from coal sources (% of total),EG.ELC.COAL.ZS,8.490672317,9.566619133,8.202412551,5.269624021,5.08709568,5.406340785,6.081781758,5.162533061,7.355509733,6.352580496,5.766241143,4.38320441,4.875277713,5.212073289,4.788908231,5.375431102,4.636901333,5.00157868,4.647311367,4.526224742,4.663423625,3.111210964,3.701124426,4.290238174,2.157028986,2.160448913,2.160448913,2.160448913,2.160448913,2.160448913,2.160448913
Faroe Islands,FRO,Electricity production from coal sources (% of total),EG.ELC.COAL.ZS,Unknown,Unknown,Unknown,Unknown,Unknown,Unknown,Unknown,Unknown,Unknown,Unknown,Unknown,Unknown,Unknown,Unknown,Unknown,Unknown,Unknown,Unknown,Unknown,Unknown,Unknown,Unknown,Unknown,Unknown,Unknown,Unknown,Unknown,Unknown,Unknown,Unknown,Unknown
"Micronesia, Fed. Sts.",FSM,Electricity production from coal sources (% of total),EG.ELC.COAL.ZS,Unknown,Unknown,Unknown,Unknown,Unknown,Unknown,Unknown,Unknown,Unknown,Unknown,Unknown,Unknown,Unknown,Unknown,Unknown,Unknown,Unknown,Unknown,Unknown,Unknown,Unknown,Unknown,Unknown,Unknown,Unknown,Unknown,Unknown,Unknown,Unknown,Unknown,Unknown
Gabon,GAB,Electricity production from coal sources (% of total),EG.ELC.COAL.ZS,0,0,0,0,0,0,0,0,0,0,0,0,0,0,0,0,0,0,0,0,0,0,0,0,0,0,0,0,0,0,0
United Kingdom,GBR,Electricity production from coal sources (% of total),EG.ELC.COAL.ZS,64.96766377,65.80260898,60.63579942,53.23737429,49.63971891,46.68004054,42.15961044,34.93126754,34.64643471,29.66214921,32.66777963,34.79579881,32.67879198,35.3614994,34.05967113,34.47825889,38.24822713,34.98756906,32.68196346,27.99654757,28.74592447,30.06295807,40.05150157,37.04979,30.31169753,22.80649074,22.80649074,22.80649074,22.80649074,22.80649074,22.80649074
Georgia,GEO,Electricity production from coal sources (% of total),EG.ELC.COAL.ZS,0,0,0,0,0,0,0,0,0,0,0,0,0,0,0,0,0,0,0,0,0,0,0,0,0,0,0,0,0,0,0
Ghana,GHA,Electricity production from coal sources (% of total),EG.ELC.COAL.ZS,0,0,0,0,0,0,0,0,0,0,0,0,0,0,0,0,0,0,0,0,0,0,0,0,0,0,0,0,0,0,0
Gibraltar,GIB,Electricity production from coal sources (% of total),EG.ELC.COAL.ZS,0,0,0,0,0,0,0,0,0,0,0,0,0,0,0,0,0,0,0,0,0,0,0,0,0,0,0,0,0,0,0
Guinea,GIN,Electricity production from coal sources (% of total),EG.ELC.COAL.ZS,Unknown,Unknown,Unknown,Unknown,Unknown,Unknown,Unknown,Unknown,Unknown,Unknown,Unknown,Unknown,Unknown,Unknown,Unknown,Unknown,Unknown,Unknown,Unknown,Unknown,Unknown,Unknown,Unknown,Unknown,Unknown,Unknown,Unknown,Unknown,Unknown,Unknown,Unknown
"Gambia, The",GMB,Electricity production from coal sources (% of total),EG.ELC.COAL.ZS,Unknown,Unknown,Unknown,Unknown,Unknown,Unknown,Unknown,Unknown,Unknown,Unknown,Unknown,Unknown,Unknown,Unknown,Unknown,Unknown,Unknown,Unknown,Unknown,Unknown,Unknown,Unknown,Unknown,Unknown,Unknown,Unknown,Unknown,Unknown,Unknown,Unknown,Unknown
Guinea-Bissau,GNB,Electricity production from coal sources (% of total),EG.ELC.COAL.ZS,Unknown,Unknown,Unknown,Unknown,Unknown,Unknown,Unknown,Unknown,Unknown,Unknown,Unknown,Unknown,Unknown,Unknown,Unknown,Unknown,Unknown,Unknown,Unknown,Unknown,Unknown,Unknown,Unknown,Unknown,Unknown,Unknown,Unknown,Unknown,Unknown,Unknown,Unknown
Equatorial Guinea,GNQ,Electricity production from coal sources (% of total),EG.ELC.COAL.ZS,Unknown,Unknown,Unknown,Unknown,Unknown,Unknown,Unknown,Unknown,Unknown,Unknown,Unknown,Unknown,Unknown,Unknown,Unknown,Unknown,Unknown,Unknown,Unknown,Unknown,Unknown,Unknown,Unknown,Unknown,Unknown,Unknown,Unknown,Unknown,Unknown,Unknown,Unknown
Greece,GRC,Electricity production from coal sources (% of total),EG.ELC.COAL.ZS,72.36808052,66.31228492,71.48959033,72.88197813,73.24731928,69.48594397,69.08113461,70.74979211,70.25119099,65.55521814,64.22648573,66.75521893,64.07637408,60.73741473,60.15676806,59.80951419,53.61338673,55.29492434,53.02009156,55.95966871,53.68417383,52.49611303,51.20699018,46.23384809,51.14117156,42.65948825,42.65948825,42.65948825,42.65948825,42.65948825,42.65948825
Grenada,GRD,Electricity production from coal sources (% of total),EG.ELC.COAL.ZS,Unknown,Unknown,Unknown,Unknown,Unknown,Unknown,Unknown,Unknown,Unknown,Unknown,Unknown,Unknown,Unknown,Unknown,Unknown,Unknown,Unknown,Unknown,Unknown,Unknown,Unknown,Unknown,Unknown,Unknown,Unknown,Unknown,Unknown,Unknown,Unknown,Unknown,Unknown
Greenland,GRL,Electricity production from coal sources (% of total),EG.ELC.COAL.ZS,Unknown,Unknown,Unknown,Unknown,Unknown,Unknown,Unknown,Unknown,Unknown,Unknown,Unknown,Unknown,Unknown,Unknown,Unknown,Unknown,Unknown,Unknown,Unknown,Unknown,Unknown,Unknown,Unknown,Unknown,Unknown,Unknown,Unknown,Unknown,Unknown,Unknown,Unknown
Guatemala,GTM,Electricity production from coal sources (% of total),EG.ELC.COAL.ZS,0,0,0,0,0,0,0,0,0,0.73316612,8.912037037,8.570940755,15.79712486,13.70522441,14.51046678,13.23145732,13.50722508,12.89401553,13.06492315,8.102133304,13.15641516,12.96155103,13.15342116,15.78629032,17.28797763,21.36010128,21.36010128,21.36010128,21.36010128,21.36010128,21.36010128
Guam,GUM,Electricity production from coal sources (% of total),EG.ELC.COAL.ZS,Unknown,Unknown,Unknown,Unknown,Unknown,Unknown,Unknown,Unknown,Unknown,Unknown,Unknown,Unknown,Unknown,Unknown,Unknown,Unknown,Unknown,Unknown,Unknown,Unknown,Unknown,Unknown,Unknown,Unknown,Unknown,Unknown,Unknown,Unknown,Unknown,Unknown,Unknown
Guyana,GUY,Electricity production from coal sources (% of total),EG.ELC.COAL.ZS,Unknown,Unknown,Unknown,Unknown,Unknown,Unknown,Unknown,Unknown,Unknown,Unknown,Unknown,Unknown,Unknown,Unknown,Unknown,Unknown,Unknown,Unknown,Unknown,Unknown,Unknown,Unknown,Unknown,Unknown,Unknown,Unknown,Unknown,Unknown,Unknown,Unknown,Unknown
High income,HIC,Electricity production from coal sources (% of total),EG.ELC.COAL.ZS,39.55041983,39.18829769,38.90154692,38.60898074,38.02194618,37.5773751,38.10334063,38.07321997,38.0090167,37.37433579,38.31273486,37.71671665,37.59068956,38.28320198,37.38639011,37.1261941,36.76754644,36.44047792,35.5774904,33.78258795,33.47100283,32.62263063,31.35745223,31.73975135,31.05151021,28.61436239,28.61436239,28.61436239,28.61436239,28.61436239,28.61436239
"Hong Kong SAR, China",HKG,Electricity production from coal sources (% of total),EG.ELC.COAL.ZS,98.20651047,96.44417895,95.79453978,94.98470097,97.9994765,97.34202608,81.87891147,59.51286923,65.00938982,56.10210862,60.44492675,61.38690183,63.73783295,77.66481737,68.91899171,70.29726145,68.83755859,73.22602177,68.10549034,70.750284,61.97410582,71.03661655,70.3017197,74.82251392,76.17579994,65.44044176,65.44044176,65.44044176,65.44044176,65.44044176,65.44044176
Honduras,HND,Electricity production from coal sources (% of total),EG.ELC.COAL.ZS,0,0,0,0,0,0,0,0,0,0,0,0,0,0,0,0,0,0,0,0,0,1.319743891,1.201550388,1.15184543,0.510077134,1.03736754,1.03736754,1.03736754,1.03736754,1.03736754,1.03736754
Heavily indebted poor countries (HIPC),HPC,Electricity production from coal sources (% of total),EG.ELC.COAL.ZS,0.208222539,0.238567682,0.182395739,0.171069349,0.16333844,0.158637438,0.14785394,0.109680848,0.107876544,0.099239914,0.281248599,0.28758644,0.308730216,0.285233557,0.28097029,0.221493205,0.179916517,0.171179215,0.170615939,0.156703795,0.158574614,0.260817813,0.245280284,0.218583874,0.176818959,0.185763911,0.185763911,0.185763911,0.185763911,0.185763911,0.185763911
Croatia,HRV,Electricity production from coal sources (% of total),EG.ELC.COAL.ZS,7.426616641,4.719829997,7.863401483,4.841070682,1.151259546,2.608883139,1.074017721,4.991696786,4.697049066,3.976265701,13.7707538,12.82593376,16.59976387,18.22316555,15.39181118,17.82951673,17.46498491,19.31446792,19.52116423,12.40089753,16.11922141,22.96335824,21.12715944,17.35857174,17.62429294,20.55525894,20.55525894,20.55525894,20.55525894,20.55525894,20.55525894
Haiti,HTI,Electricity production from coal sources (% of total),EG.ELC.COAL.ZS,0,0,0,0,0,0,0,0,0,0,0,0,0,0,0,0,0,0,0,0,0,0,0,0,0,0,0,0,0,0,0
Hungary,HUN,Electricity production from coal sources (% of total),EG.ELC.COAL.ZS,30.48600366,27.173514,29.2756825,27.85963846,26.42995674,27.13269446,27.72014819,26.87233381,26.06076902,27.24148869,27.58375721,24.50363861,25.06568576,27.10206472,24.73893438,19.98545699,19.77746173,18.73623624,18.00124922,17.8650997,16.99178507,18.34864932,18.74404504,21.0734799,20.80157866,19.47135983,19.47135983,19.47135983,19.47135983,19.47135983,19.47135983
IBRD only,IBD,Electricity production from coal sources (% of total),EG.ELC.COAL.ZS,35.97558314,36.71124465,38.23499833,38.639394,40.28467334,40.72148965,41.51647583,41.63885151,41.16138045,41.82743656,42.72220937,43.05768833,44.01954297,45.55055755,45.5919265,46.90343955,48.67278389,50.07571151,49.65103797,49.94233813,50.1164052,52.16767079,51.52376466,52.20329108,51.33889124,50.76751755,50.76751755,50.76751755,50.76751755,50.76751755,50.76751755
IDA & IBRD total,IBT,Electricity production from coal sources (% of total),EG.ELC.COAL.ZS,34.1235848,34.82980164,36.18565675,36.6192084,38.16048233,38.52836678,39.2989754,39.43560808,38.96724642,39.55294112,40.46858764,40.78141811,41.68228925,43.19036986,43.22808371,44.5137648,46.22748402,47.69523644,47.37007305,47.62436216,47.84802087,49.8981947,49.33114851,50.02827902,49.2001438,48.67598969,48.67598969,48.67598969,48.67598969,48.67598969,48.67598969
IDA total,IDA,Electricity production from coal sources (% of total),EG.ELC.COAL.ZS,4.65778256,4.784804992,3.491991687,3.842522071,3.938155459,3.101942337,2.995089523,2.98448395,2.751364312,2.304987983,3.042619421,3.497415626,3.44542191,2.922401837,2.952917109,3.247804729,2.740565055,2.844665816,2.822439521,2.435692613,2.570428394,2.92234502,2.89943011,3.147414888,2.97471844,3.424596033,3.424596033,3.424596033,3.424596033,3.424596033,3.424596033
IDA blend,IDB,Electricity production from coal sources (% of total),EG.ELC.COAL.ZS,7.204052253,7.57578669,5.684901099,6.480724597,6.954440766,5.422543646,5.23241863,5.153456168,4.807074955,4.344104639,3.93365782,4.535117782,4.135495529,3.242642336,3.447957786,3.409693652,2.394186589,2.201724899,2.082642282,2.034922172,2.448727437,2.949552001,2.782191951,3.047229888,2.984857333,2.984028256,2.984028256,2.984028256,2.984028256,2.984028256,2.984028256
Indonesia,IDN,Electricity production from coal sources (% of total),EG.ELC.COAL.ZS,29.9017357,29.58221746,27.3697396,23.52643172,24.93282449,24.27145102,25.15799421,27.89338979,30.97209052,34.17913054,36.43396732,37.24593596,39.66936803,41.12362136,40.12133519,40.61272338,44.05885536,44.8938101,41.11273321,42.02865271,40.31987276,44.21073292,51.0753387,51.50078696,52.45484386,55.77646335,55.77646335,55.77646335,55.77646335,55.77646335,55.77646335
IDA only,IDX,Electricity production from coal sources (% of total),EG.ELC.COAL.ZS,1.945698101,1.833899306,1.036777666,0.929695478,0.647094252,0.61089991,0.691964002,0.722769891,0.676560473,0.396072779,2.270646199,2.59924325,2.847928612,2.665928497,2.536841302,3.138296478,3.06215393,3.37422386,3.394316871,2.729324066,2.650434498,2.88736698,2.966341834,3.213336219,2.95847619,3.752148003,3.752148003,3.752148003,3.752148003,3.752148003,3.752148003
Isle of Man,IMN,Electricity production from coal sources (% of total),EG.ELC.COAL.ZS,Unknown,Unknown,Unknown,Unknown,Unknown,Unknown,Unknown,Unknown,Unknown,Unknown,Unknown,Unknown,Unknown,Unknown,Unknown,Unknown,Unknown,Unknown,Unknown,Unknown,Unknown,Unknown,Unknown,Unknown,Unknown,Unknown,Unknown,Unknown,Unknown,Unknown,Unknown
India,IND,Electricity production from coal sources (% of total),EG.ELC.COAL.ZS,65.46363226,67.06780765,68.03823466,70.053347,67.70731782,69.93626965,70.47678379,68.93212716,66.79569867,66.95787603,68.49942425,69.41705728,69.89346472,67.83142323,67.69168015,66.85963647,66.68824892,65.48205784,68.44469591,66.96802144,67.17829809,66.75997826,71.63605506,72.52273811,74.49218587,75.30939896,75.30939896,75.30939896,75.30939896,75.30939896,75.30939896
Not classified,INX,Electricity production from coal sources (% of total),EG.ELC.COAL.ZS,Unknown,Unknown,Unknown,Unknown,Unknown,Unknown,Unknown,Unknown,Unknown,Unknown,Unknown,Unknown,Unknown,Unknown,Unknown,Unknown,Unknown,Unknown,Unknown,Unknown,Unknown,Unknown,Unknown,Unknown,Unknown,Unknown,Unknown,Unknown,Unknown,Unknown,Unknown
Ireland,IRL,Electricity production from coal sources (% of total),EG.ELC.COAL.ZS,41.59111673,39.20294709,42.19264892,40.98086569,39.71951509,39.86593956,36.95560254,34.47102443,32.28278571,26.79531358,28.79651924,28.67002273,27.45642636,24.95072604,24.70354947,24.93170998,21.69936569,19.74719,17.20275512,14.32505902,12.61712095,14.52289795,18.51074021,16.74682307,15.33245505,17.34581302,17.34581302,17.34581302,17.34581302,17.34581302,17.34581302
"Iran, Islamic Rep.",IRN,Electricity production from coal sources (% of total),EG.ELC.COAL.ZS,0.109979358,0.146586408,0.120857359,0.125977639,0.116026283,0.10708276,0.101246877,0.09819465,0.108250213,0.370232261,0.398783874,0.362577682,0.365838095,0.306736506,0.285169964,0.320628004,0.292710269,0.28188209,0.181792756,0.16985138,0.15152881,0.177044974,0.15730938,0.174901118,0.193001686,0.164627824,0.164627824,0.164627824,0.164627824,0.164627824,0.164627824
Iraq,IRQ,Electricity production from coal sources (% of total),EG.ELC.COAL.ZS,0,0,0,0,0,0,0,0,0,0,0,0,0,0,0,0,0,0,0,0,0,0,0,0,0,0,0,0,0,0,0
Iceland,ISL,Electricity production from coal sources (% of total),EG.ELC.COAL.ZS,0,0,0,0,0,0,0,0,0,0,0,0,0,0,0,0,0,0,0,0,0,0,0,0,0,0,0,0,0,0,0
Israel,ISR,Electricity production from coal sources (% of total),EG.ELC.COAL.ZS,49.67939516,52.91438133,57.79510022,61.7105516,60.22375457,62.08381265,68.92809935,70.76638177,69.73521275,66.89787071,68.49112773,74.92207231,77.15384615,76.72030782,77.1759132,74.40228797,70.63174967,69.30584474,62.01536788,62.45091623,58.44412964,58.89173746,61.45580369,52.32216823,49.49106277,45.40373058,45.40373058,45.40373058,45.40373058,45.40373058,45.40373058
Italy,ITA,Electricity production from coal sources (% of total),EG.ELC.COAL.ZS,16.77809211,14.72792276,11.22972318,9.190197729,10.03060243,11.61422962,10.5777826,10.04729763,10.97041257,10.88696457,11.30765612,13.52549155,14.58138161,15.41054499,17.20113464,16.64836275,16.39241967,16.13609671,15.49818676,15.05748522,14.87216047,16.67697773,18.20059334,16.8431692,16.72827166,16.12007302,16.12007302,16.12007302,16.12007302,16.12007302,16.12007302
Jamaica,JAM,Electricity production from coal sources (% of total),EG.ELC.COAL.ZS,0,0,0,0,0,0,0,0,0,0,0,0,0,0,0,0,0,0,0,0,0,0,0,0,0,0,0,0,0,0,0
Jordan,JOR,Electricity production from coal sources (% of total),EG.ELC.COAL.ZS,0,0,0,0,0,0,0,0,0,0,0,0,0,0,0,0,0,0,0,0,0,0,0,0,0,0,0,0,0,0,0
Japan,JPN,Electricity production from coal sources (% of total),EG.ELC.COAL.ZS,13.48977775,13.82580908,14.37217105,15.30658579,15.8526524,16.75346588,17.37245932,18.15523714,18.24118199,19.91332871,21.48421273,23.38478021,24.61992605,26.3775463,26.45867982,27.22636172,26.58656402,27.34596561,27.23000261,27.17272777,27.15514217,27.09995318,29.72207921,32.92587052,32.74193411,33.15273563,33.15273563,33.15273563,33.15273563,33.15273563,33.15273563
Kazakhstan,KAZ,Electricity production from coal sources (% of total),EG.ELC.COAL.ZS,71.12006317,72.72748418,72.30867825,71.43226073,70.93693992,72.03012256,72.20942444,72.02884615,72.02563842,72.04724409,69.45093913,70.88133387,68.82006102,71.75492437,75.52169692,73.85293381,68.81811965,73.40661636,76.66289044,73.80256638,80.65363115,81.09856097,74.79341069,75.1944978,71.94769102,71.56892212,71.56892212,71.56892212,71.56892212,71.56892212,71.56892212
Kenya,KEN,Electricity production from coal sources (% of total),EG.ELC.COAL.ZS,0,0,0,0,0,0,0,0,0,0,0,0,0,0,0,0,0,0,0,0,0,0,0,0,0,0,0,0,0,0,0
Kyrgyz Republic,KGZ,Electricity production from coal sources (% of total),EG.ELC.COAL.ZS,13.06890414,12.44752576,7.810573646,8.495590675,5.218919538,4.746237312,5.257804056,6.293314666,7.041348856,3.827378847,4.293081508,4.529157825,4.764301292,3.630268882,3.460801796,10.10006044,10.32155891,10.75522589,11.3241157,3.482811513,4.991735537,4.189207019,4.799578059,5.609877953,7.363436728,13.21565618,13.21565618,13.21565618,13.21565618,13.21565618,13.21565618
Cambodia,KHM,Electricity production from coal sources (% of total),EG.ELC.COAL.ZS,0,0,0,0,0,0,0,0,0,0,0,0,0,0,0,0,0,0,0,2.211690363,3.1,3.20754717,2.580195258,9.505061867,28.18419334,48.39663407,48.39663407,48.39663407,48.39663407,48.39663407,48.39663407
Kiribati,KIR,Electricity production from coal sources (% of total),EG.ELC.COAL.ZS,Unknown,Unknown,Unknown,Unknown,Unknown,Unknown,Unknown,Unknown,Unknown,Unknown,Unknown,Unknown,Unknown,Unknown,Unknown,Unknown,Unknown,Unknown,Unknown,Unknown,Unknown,Unknown,Unknown,Unknown,Unknown,Unknown,Unknown,Unknown,Unknown,Unknown,Unknown
St. Kitts and Nevis,KNA,Electricity production from coal sources (% of total),EG.ELC.COAL.ZS,Unknown,Unknown,Unknown,Unknown,Unknown,Unknown,Unknown,Unknown,Unknown,Unknown,Unknown,Unknown,Unknown,Unknown,Unknown,Unknown,Unknown,Unknown,Unknown,Unknown,Unknown,Unknown,Unknown,Unknown,Unknown,Unknown,Unknown,Unknown,Unknown,Unknown,Unknown
"Korea, Rep.",KOR,Electricity production from coal sources (% of total),EG.ELC.COAL.ZS,16.76077858,14.42761909,13.88862094,21.8764638,25.93716773,27.22329261,28.33098887,31.1979434,37.17423601,35.87964142,38.60830566,39.92631099,40.58107239,39.10999997,38.80478544,38.3606532,38.01277749,40.0802996,43.19564081,46.24199648,44.14496757,43.17213822,45.0802829,41.42883967,42.40967563,43.0762564,43.0762564,43.0762564,43.0762564,43.0762564,43.0762564
Kuwait,KWT,Electricity production from coal sources (% of total),EG.ELC.COAL.ZS,0,0,0,0,0,0,0,0,0,0,0,0,0,0,0,0,0,0,0,0,0,0,0,0,0,0,0,0,0,0,0
Latin America & Caribbean (excluding high income),LAC,Electricity production from coal sources (% of total),EG.ELC.COAL.ZS,3.301852653,3.70371635,3.718616717,3.866705964,4.08607329,4.183479799,4.174391146,4.254377733,3.945985174,4.078274436,4.153260904,4.736262722,4.791749945,5.160027641,4.391749785,5.24631784,4.989479056,4.843884735,3.832851733,4.39064594,4.644663155,4.564204041,4.794325359,5.29975785,5.731420242,5.82437192,5.82437192,5.82437192,5.82437192,5.82437192,5.82437192
Lao PDR,LAO,Electricity production from coal sources (% of total),EG.ELC.COAL.ZS,Unknown,Unknown,Unknown,Unknown,Unknown,Unknown,Unknown,Unknown,Unknown,Unknown,Unknown,Unknown,Unknown,Unknown,Unknown,Unknown,Unknown,Unknown,Unknown,Unknown,Unknown,Unknown,Unknown,Unknown,Unknown,Unknown,Unknown,Unknown,Unknown,Unknown,Unknown
Lebanon,LBN,Electricity production from coal sources (% of total),EG.ELC.COAL.ZS,0,0,0,0,0,0,0,0,0,0,0,0,0,0,0,0,0,0,0,0,0,0,0,0,0,0,0,0,0,0,0
Liberia,LBR,Electricity production from coal sources (% of total),EG.ELC.COAL.ZS,Unknown,Unknown,Unknown,Unknown,Unknown,Unknown,Unknown,Unknown,Unknown,Unknown,Unknown,Unknown,Unknown,Unknown,Unknown,Unknown,Unknown,Unknown,Unknown,Unknown,Unknown,Unknown,Unknown,Unknown,Unknown,Unknown,Unknown,Unknown,Unknown,Unknown,Unknown
Libya,LBY,Electricity production from coal sources (% of total),EG.ELC.COAL.ZS,0,0,0,0,0,0,0,0,0,0,0,0,0,0,0,0,0,0,0,0,0,0,0,0,0,0,0,0,0,0,0
St. Lucia,LCA,Electricity production from coal sources (% of total),EG.ELC.COAL.ZS,Unknown,Unknown,Unknown,Unknown,Unknown,Unknown,Unknown,Unknown,Unknown,Unknown,Unknown,Unknown,Unknown,Unknown,Unknown,Unknown,Unknown,Unknown,Unknown,Unknown,Unknown,Unknown,Unknown,Unknown,Unknown,Unknown,Unknown,Unknown,Unknown,Unknown,Unknown
Latin America & Caribbean,LCN,Electricity production from coal sources (% of total),EG.ELC.COAL.ZS,3.824508994,3.750648818,3.465153187,3.619110046,4.044274276,4.321159436,4.655031363,4.647595866,4.545422047,4.783148041,4.346239519,4.427917609,4.4866429,4.776944227,4.360786995,4.988571543,5.032191003,5.069556996,4.258815454,4.776118758,5.119313385,5.182480477,5.703427133,6.402378124,6.459974209,6.677140314,6.677140314,6.677140314,6.677140314,6.677140314,6.677140314
Least developed countries: UN classification,LDC,Electricity production from coal sources (% of total),EG.ELC.COAL.ZS,0.332895606,0.375927114,0.213072337,0.19769062,0.184992732,0.167064588,0.159380539,0.118625071,0.1108758,0.101321421,0.284349034,0.289041339,1.031461207,0.979422679,0.65568944,0.888427731,1.052973754,1.411165398,1.443347278,1.248450325,1.091552669,1.121263787,1.137585483,1.141956891,1.190556179,1.652133017,1.652133017,1.652133017,1.652133017,1.652133017,1.652133017
Low income,LIC,Electricity production from coal sources (% of total),EG.ELC.COAL.ZS,15.15804954,15.47815503,14.47069281,12.85349243,12.65121969,10.97556375,10.01822396,9.938227305,6.915061809,7.970986372,8.502182335,8.066990578,7.429315296,7.386288853,7.024916754,6.85598226,6.652769502,5.241469179,5.632565047,5.235118335,4.742836191,3.593989258,3.637750177,2.947726314,3.278594176,2.379529365,2.379529365,2.379529365,2.379529365,2.379529365,2.379529365
Liechtenstein,LIE,Electricity production from coal sources (% of total),EG.ELC.COAL.ZS,Unknown,Unknown,Unknown,Unknown,Unknown,Unknown,Unknown,Unknown,Unknown,Unknown,Unknown,Unknown,Unknown,Unknown,Unknown,Unknown,Unknown,Unknown,Unknown,Unknown,Unknown,Unknown,Unknown,Unknown,Unknown,Unknown,Unknown,Unknown,Unknown,Unknown,Unknown
Sri Lanka,LKA,Electricity production from coal sources (% of total),EG.ELC.COAL.ZS,0,0,0,0,0,0,0,0,0,0,0,0,0,0,0,0,0,0,0,0,0,8.903757077,11.79732796,12.21824836,25.69617206,33.70505234,33.70505234,33.70505234,33.70505234,33.70505234,33.70505234
Lower middle income,LMC,Electricity production from coal sources (% of total),EG.ELC.COAL.ZS,33.46123795,34.25833947,35.10495315,35.02460888,34.47791949,35.49106487,35.02613464,35.09893147,34.74395053,35.54293306,36.37882822,36.84290259,36.76777297,35.77680169,34.7677372,34.69395223,35.70022201,35.77495987,36.61983424,36.53563637,36.75937525,37.65973293,40.31213616,41.33769919,42.6647005,43.99592671,43.99592671,43.99592671,43.99592671,43.99592671,43.99592671
Low & middle income,LMY,Electricity production from coal sources (% of total),EG.ELC.COAL.ZS,32.54849253,33.48765516,35.0659735,35.54410257,37.14947353,37.5017064,38.29139149,38.51676538,38.06203325,38.72404476,39.80817475,40.31327955,41.30734196,42.84771496,42.94178058,44.3717337,46.11352944,47.66804015,47.38863189,47.71147407,47.88554046,49.97643153,49.40830655,50.08879508,49.33327273,48.75971128,48.75971128,48.75971128,48.75971128,48.75971128,48.75971128
Lesotho,LSO,Electricity production from coal sources (% of total),EG.ELC.COAL.ZS,Unknown,Unknown,Unknown,Unknown,Unknown,Unknown,Unknown,Unknown,Unknown,Unknown,Unknown,Unknown,Unknown,Unknown,Unknown,Unknown,Unknown,Unknown,Unknown,Unknown,Unknown,Unknown,Unknown,Unknown,Unknown,Unknown,Unknown,Unknown,Unknown,Unknown,Unknown
Late-demographic dividend,LTE,Electricity production from coal sources (% of total),EG.ELC.COAL.ZS,33.949369,35.07853533,37.0882816,37.71481717,40.29603776,40.77983832,41.98745916,42.26381442,42.02169087,42.85384611,44.03830722,44.12114915,45.56838883,47.99152043,48.46030581,50.14275181,52.21126481,53.85518703,53.21548747,53.45105252,53.41637664,55.92956189,54.17774149,54.91665073,53.23145968,52.15162676,52.15162676,52.15162676,52.15162676,52.15162676,52.15162676
Lithuania,LTU,Electricity production from coal sources (% of total),EG.ELC.COAL.ZS,0,0,0,0,0,0,0,0,0,0,0,0,0,0,0,0,0,0,0,0,0,0,0,0,0,0,0,0,0,0,0
Luxembourg,LUX,Electricity production from coal sources (% of total),EG.ELC.COAL.ZS,76.44230769,74.89300999,71.51515152,74.96274218,66.72443674,38.80903491,30.22727273,20.68965517,0,0,0,0,0,0,0,0,0,0,0,0,0,0,0,0,0,0,0,0,0,0,0
Latvia,LVA,Electricity production from coal sources (% of total),EG.ELC.COAL.ZS,0,0,0,0,0,0,0,0,0,0,0,0,0,0,0,0,0,0.020959966,0.037921881,0.03591309,0.030179568,0.032819166,0.032430679,0.016105653,0,0,0,0,0,0,0
"Macao SAR, China",MAC,Electricity production from coal sources (% of total),EG.ELC.COAL.ZS,Unknown,Unknown,Unknown,Unknown,Unknown,Unknown,Unknown,Unknown,Unknown,Unknown,Unknown,Unknown,Unknown,Unknown,Unknown,Unknown,Unknown,Unknown,Unknown,Unknown,Unknown,Unknown,Unknown,Unknown,Unknown,Unknown,Unknown,Unknown,Unknown,Unknown,Unknown
St. Martin (French part),MAF,Electricity production from coal sources (% of total),EG.ELC.COAL.ZS,Unknown,Unknown,Unknown,Unknown,Unknown,Unknown,Unknown,Unknown,Unknown,Unknown,Unknown,Unknown,Unknown,Unknown,Unknown,Unknown,Unknown,Unknown,Unknown,Unknown,Unknown,Unknown,Unknown,Unknown,Unknown,Unknown,Unknown,Unknown,Unknown,Unknown,Unknown
Morocco,MAR,Electricity production from coal sources (% of total),EG.ELC.COAL.ZS,22.97465725,19.72840847,17.16225949,25.580222,25.6146469,49.35494542,47.36800128,47.10512764,57.61875386,53.57115161,68.28111638,77.35610794,75.59566787,70.88309808,70.70883931,65.99792639,64.95167137,62.60742826,56.72178988,51.37384725,45.90233187,46.70479085,43.37296506,43.39200693,55.02678634,55.52563271,55.52563271,55.52563271,55.52563271,55.52563271,55.52563271
Monaco,MCO,Electricity production from coal sources (% of total),EG.ELC.COAL.ZS,Unknown,Unknown,Unknown,Unknown,Unknown,Unknown,Unknown,Unknown,Unknown,Unknown,Unknown,Unknown,Unknown,Unknown,Unknown,Unknown,Unknown,Unknown,Unknown,Unknown,Unknown,Unknown,Unknown,Unknown,Unknown,Unknown,Unknown,Unknown,Unknown,Unknown,Unknown
Moldova,MDA,Electricity production from coal sources (% of total),EG.ELC.COAL.ZS,30.75026201,30.48245614,29.98610682,34.10872749,37.96267004,25.08852459,18.50340136,7.564718648,7.751937984,3.440860215,2.943275062,1.986312803,2.105989988,3.115056105,0,0,0,0,0,0,0,0,0,0,0,0,0,0,0,0,0
Madagascar,MDG,Electricity production from coal sources (% of total),EG.ELC.COAL.ZS,Unknown,Unknown,Unknown,Unknown,Unknown,Unknown,Unknown,Unknown,Unknown,Unknown,Unknown,Unknown,Unknown,Unknown,Unknown,Unknown,Unknown,Unknown,Unknown,Unknown,Unknown,Unknown,Unknown,Unknown,Unknown,Unknown,Unknown,Unknown,Unknown,Unknown,Unknown
Maldives,MDV,Electricity production from coal sources (% of total),EG.ELC.COAL.ZS,Unknown,Unknown,Unknown,Unknown,Unknown,Unknown,Unknown,Unknown,Unknown,Unknown,Unknown,Unknown,Unknown,Unknown,Unknown,Unknown,Unknown,Unknown,Unknown,Unknown,Unknown,Unknown,Unknown,Unknown,Unknown,Unknown,Unknown,Unknown,Unknown,Unknown,Unknown
Middle East & North Africa,MEA,Electricity production from coal sources (% of total),EG.ELC.COAL.ZS,4.012983575,4.130493729,4.50665449,4.738875719,4.744073159,5.53988902,5.955172806,6.168510372,6.228439885,5.793683886,6.218372174,6.858831529,6.738320196,6.522504262,6.29333765,5.830290881,5.440419016,5.24125292,4.616431033,4.265907556,3.908106878,3.94055851,4.023092626,3.409225321,3.344253297,3.208937051,3.208937051,3.208937051,3.208937051,3.208937051,3.208937051
Mexico,MEX,Electricity production from coal sources (% of total),EG.ELC.COAL.ZS,6.711154467,7.165746286,7.164468931,8.492478238,9.67777015,10.13609374,11.71595082,10.94553205,10.21809724,9.685656102,9.234958065,10.79406322,11.92598329,12.9368335,10.00071554,13.05668985,12.32884151,11.93190386,7.898186139,10.96118079,11.71603088,11.14975673,11.11812725,10.74914404,11.23762836,10.86591802,10.86591802,10.86591802,10.86591802,10.86591802,10.86591802
Marshall Islands,MHL,Electricity production from coal sources (% of total),EG.ELC.COAL.ZS,Unknown,Unknown,Unknown,Unknown,Unknown,Unknown,Unknown,Unknown,Unknown,Unknown,Unknown,Unknown,Unknown,Unknown,Unknown,Unknown,Unknown,Unknown,Unknown,Unknown,Unknown,Unknown,Unknown,Unknown,Unknown,Unknown,Unknown,Unknown,Unknown,Unknown,Unknown
Middle income,MIC,Electricity production from coal sources (% of total),EG.ELC.COAL.ZS,32.8695716,33.81531601,35.43808683,35.93867739,37.58562032,37.97581852,38.78722054,39.00345412,38.61190691,39.28321265,40.39150797,40.92811338,41.94454832,43.49263896,43.59369834,45.0570242,46.82277786,48.41193651,48.12078611,48.45794657,48.62939373,50.71264012,50.09339182,50.74235534,49.96013149,49.3613383,49.3613383,49.3613383,49.3613383,49.3613383,49.3613383
North Macedonia,MKD,Electricity production from coal sources (% of total),EG.ELC.COAL.ZS,89.66655089,84.28076256,85.04534213,88.22393822,87.69153056,86.31767776,86.19183858,85.59334621,83.79682179,79.20734373,76.47922478,87.51964791,84.04202922,79.26684476,77.39613019,78.3059637,72.9089352,77.085257,83.80605292,77.69478617,65.33057851,76.47581003,77.16384542,66.04857237,69.53851879,58.35990081,58.35990081,58.35990081,58.35990081,58.35990081,58.35990081
Mali,MLI,Electricity production from coal sources (% of total),EG.ELC.COAL.ZS,Unknown,Unknown,Unknown,Unknown,Unknown,Unknown,Unknown,Unknown,Unknown,Unknown,Unknown,Unknown,Unknown,Unknown,Unknown,Unknown,Unknown,Unknown,Unknown,Unknown,Unknown,Unknown,Unknown,Unknown,Unknown,Unknown,Unknown,Unknown,Unknown,Unknown,Unknown
Malta,MLT,Electricity production from coal sources (% of total),EG.ELC.COAL.ZS,55.90909091,41.57857646,37.58389262,40,23.29656067,5.514705882,0,0,0,0,0,0,0,0,0,0,0,0,0,0,0,0,0,0,0,0,0,0,0,0,0
Myanmar,MMR,Electricity production from coal sources (% of total),EG.ELC.COAL.ZS,1.614205004,1.867762421,0.166889186,0.147710487,0.139120757,0,0,0,0,0,0,0,12.64798737,11.68663594,7.22053842,9.790558511,12.75146009,13.36146273,9.272123226,6.792073521,8.895664855,7.336846372,7.184122251,4.646035764,2.02020202,1.784596118,1.784596118,1.784596118,1.784596118,1.784596118,1.784596118
Middle East & North Africa (excluding high income),MNA,Electricity production from coal sources (% of total),EG.ELC.COAL.ZS,1.218392334,0.981467209,0.836236043,1.17717267,1.270810848,2.429164365,2.275292825,2.304717174,2.532676964,2.287748778,2.693401262,3.31222728,3.078559608,2.973216368,2.934942723,2.824509129,2.672202981,2.444445329,2.132167822,1.917950457,1.762785296,1.850550979,1.800564958,1.768219454,2.21638112,2.328353775,2.328353775,2.328353775,2.328353775,2.328353775,2.328353775
Montenegro,MNE,Electricity production from coal sources (% of total),EG.ELC.COAL.ZS,34.84636872,34.84636872,34.84636872,34.84636872,34.84636872,34.84636872,34.84636872,34.84636872,34.84636872,34.84636872,34.84636872,34.84636872,34.84636872,34.84636872,34.84636872,34.84636872,40.71815718,40.1119403,45.57991513,24.96376812,31.62605669,54.6686747,48.06610408,36.52724968,44.78411598,50.34965035,50.34965035,50.34965035,50.34965035,50.34965035,50.34965035
Mongolia,MNG,Electricity production from coal sources (% of total),EG.ELC.COAL.ZS,92.11469534,92.16475689,94.63980881,91.36328428,94.4014733,95.70015221,95.48584545,95.49211119,95.6635514,96.30541872,97.01289885,96.75174014,97.1722365,96.84512428,96.6091432,96.9581749,96.78329571,95.94704134,96.00099975,96.23669225,95.84975655,94.79717813,94.74667774,92.94820717,92.33630952,92.74442227,92.74442227,92.74442227,92.74442227,92.74442227,92.74442227
Northern Mariana Islands,MNP,Electricity production from coal sources (% of total),EG.ELC.COAL.ZS,Unknown,Unknown,Unknown,Unknown,Unknown,Unknown,Unknown,Unknown,Unknown,Unknown,Unknown,Unknown,Unknown,Unknown,Unknown,Unknown,Unknown,Unknown,Unknown,Unknown,Unknown,Unknown,Unknown,Unknown,Unknown,Unknown,Unknown,Unknown,Unknown,Unknown,Unknown
Mozambique,MOZ,Electricity production from coal sources (% of total),EG.ELC.COAL.ZS,13.87665198,16.77282378,11.77884615,4.081632653,0,0,0,0,0,0,0,0,0,0,0,0,0,0,0,0,0,0,0,0,0,0,0,0,0,0,0
Mauritania,MRT,Electricity production from coal sources (% of total),EG.ELC.COAL.ZS,Unknown,Unknown,Unknown,Unknown,Unknown,Unknown,Unknown,Unknown,Unknown,Unknown,Unknown,Unknown,Unknown,Unknown,Unknown,Unknown,Unknown,Unknown,Unknown,Unknown,Unknown,Unknown,Unknown,Unknown,Unknown,Unknown,Unknown,Unknown,Unknown,Unknown,Unknown
Mauritius,MUS,Electricity production from coal sources (% of total),EG.ELC.COAL.ZS,6.153846154,6.301050175,5.483870968,5.156723964,4.866412214,4.545454545,0.86410055,2.072909221,6.046814044,11.92429022,20.41619798,24.33281005,25.94871795,23.91930836,21.70900693,26.84859155,33.95744681,40.32454361,44.15330465,39.38688397,38.67608776,40.57121933,41.11548087,42.03601108,42.90091931,39.43943944,39.43943944,39.43943944,39.43943944,39.43943944,39.43943944
Malawi,MWI,Electricity production from coal sources (% of total),EG.ELC.COAL.ZS,Unknown,Unknown,Unknown,Unknown,Unknown,Unknown,Unknown,Unknown,Unknown,Unknown,Unknown,Unknown,Unknown,Unknown,Unknown,Unknown,Unknown,Unknown,Unknown,Unknown,Unknown,Unknown,Unknown,Unknown,Unknown,Unknown,Unknown,Unknown,Unknown,Unknown,Unknown
Malaysia,MYS,Electricity production from coal sources (% of total),EG.ELC.COAL.ZS,12.7389642,13.07999397,11.90695453,9.171248453,8.52685422,7.588755444,6.661350552,5.493841024,5.723839172,6.990326982,11.10533535,12.48522874,15.16788105,18.87114657,23.35569491,24.18080873,23.06690415,27.69801879,26.76864245,28.71477462,34.32997291,40.98472249,41.51479748,38.57807847,37.8567699,42.28132931,42.28132931,42.28132931,42.28132931,42.28132931,42.28132931
North America,NAC,Electricity production from coal sources (% of total),EG.ELC.COAL.ZS,48.33566835,47.82481691,48.28713658,48.23796441,47.3761857,46.59870318,47.68110042,48.86019879,48.37910564,47.74338712,48.49671163,47.39870974,46.60278968,47.2635612,46.14217038,46.09080247,45.43557655,44.79978127,44.73647742,41.26809375,41.80613676,39.2858326,34.78521839,35.87847028,35.65261279,30.92544456,30.92544456,30.92544456,30.92544456,30.92544456,30.92544456
Namibia,NAM,Electricity production from coal sources (% of total),EG.ELC.COAL.ZS,1.51187905,1.51187905,1.196581197,14.8243359,20.70938215,2.134927412,2.35162374,2.336448598,1.472031403,0.909842845,0.781805259,0,0.349895031,0.070372977,0.725163162,0.180722892,5.230386052,1.967005076,10.62340967,5.234899329,4.214559387,1.398601399,0.91296409,3.080390684,0,0.455729167,0.455729167,0.455729167,0.455729167,0.455729167,0.455729167
New Caledonia,NCL,Electricity production from coal sources (% of total),EG.ELC.COAL.ZS,Unknown,Unknown,Unknown,Unknown,Unknown,Unknown,Unknown,Unknown,Unknown,Unknown,Unknown,Unknown,Unknown,Unknown,Unknown,Unknown,Unknown,Unknown,Unknown,Unknown,Unknown,Unknown,Unknown,Unknown,Unknown,Unknown,Unknown,Unknown,Unknown,Unknown,Unknown
Niger,NER,Electricity production from coal sources (% of total),EG.ELC.COAL.ZS,65.53398058,65.53398058,65.53398058,65.53398058,65.53398058,65.53398058,65.53398058,65.53398058,65.53398058,65.53398058,65.53398058,74.44444444,74.86910995,76.28865979,74.63414634,68.99563319,76.60550459,67.85714286,75.87719298,73.15175097,68.94197952,74.56140351,63.65914787,53.2731377,55.75620767,41.61958569,41.61958569,41.61958569,41.61958569,41.61958569,41.61958569
Nigeria,NGA,Electricity production from coal sources (% of total),EG.ELC.COAL.ZS,0.096560945,0.091762547,0.094377781,0,0,0,0,0,0,0,0,0,0,0,0,0,0,0,0,0,0,0,0,0,0,0,0,0,0,0,0
Nicaragua,NIC,Electricity production from coal sources (% of total),EG.ELC.COAL.ZS,0,0,0,0,0,0,0,0,0,0,0,0,0,0,0,0,0,0,0,0,0,0,0,0,0,0,0,0,0,0,0
Netherlands,NLD,Electricity production from coal sources (% of total),EG.ELC.COAL.ZS,38.21003779,33.93471714,32.63911361,31.42601641,33.81496738,36.98793845,33.30835958,31.62396126,32.46007792,28.90682657,30.25069451,30.45065821,30.20181078,30.71949431,27.79753789,26.94928994,26.82100108,27.06794085,24.93119607,23.40290788,21.63159219,21.70704527,26.44097659,27.06908076,31.348508,38.65358408,38.65358408,38.65358408,38.65358408,38.65358408,38.65358408
Norway,NOR,Electricity production from coal sources (% of total),EG.ELC.COAL.ZS,0.067428111,0.078688169,0.080265045,0.074341369,0.088138672,0.069534203,0.086916656,0.072402121,0.067851345,0.067873118,0.050522416,0.07830079,0.102119165,0.121872334,0.096269992,0.096178367,0.113015789,0.100652404,0.094194636,0.074821155,0.085200993,0.104455171,0.111153542,0.113162865,0.109045077,0.104917942,0.104917942,0.104917942,0.104917942,0.104917942,0.104917942
Nepal,NPL,Electricity production from coal sources (% of total),EG.ELC.COAL.ZS,0,0,0,0,0,0,0,0,0,0,0,0,0,0,0,0,0,0,0,0,0,0,0,0,0,0,0,0,0,0,0
Nauru,NRU,Electricity production from coal sources (% of total),EG.ELC.COAL.ZS,Unknown,Unknown,Unknown,Unknown,Unknown,Unknown,Unknown,Unknown,Unknown,Unknown,Unknown,Unknown,Unknown,Unknown,Unknown,Unknown,Unknown,Unknown,Unknown,Unknown,Unknown,Unknown,Unknown,Unknown,Unknown,Unknown,Unknown,Unknown,Unknown,Unknown,Unknown
New Zealand,NZL,Electricity production from coal sources (% of total),EG.ELC.COAL.ZS,2.057957539,1.447621336,3.809205326,2.170678337,1.985595822,2.498474849,2.569023661,4.424802609,3.884398596,4.749186874,3.939154585,5.354796321,5.067808708,9.728523432,11.18039985,13.64969279,12.70125224,7.22693301,11.01913297,7.589809679,4.596472475,4.878268102,8.022320622,5.535268559,4.505229284,4.252912566,4.252912566,4.252912566,4.252912566,4.252912566,4.252912566
OECD members,OED,Electricity production from coal sources (% of total),EG.ELC.COAL.ZS,39.75628613,39.31070618,39.04173271,38.72643301,38.21699169,37.76250155,38.29532443,38.32739129,38.26543975,37.63398502,38.45384892,37.87412574,37.67273467,38.27713984,37.3302478,37.24787236,36.89056533,36.60735827,35.7985672,34.10119161,33.92681071,33.015414,31.83337323,32.26406025,31.79119092,29.44346691,29.44346691,29.44346691,29.44346691,29.44346691,29.44346691
Oman,OMN,Electricity production from coal sources (% of total),EG.ELC.COAL.ZS,0,0,0,0,0,0,0,0,0,0,0,0,0,0,0,0,0,0,0,0,0,0,0,0,0,0,0,0,0,0,0
Other small states,OSS,Electricity production from coal sources (% of total),EG.ELC.COAL.ZS,3.140536254,3.55854491,3.836115842,4.196188429,3.66756101,2.552993914,1.616610424,1.676457414,2.355167778,2.434798564,2.744630987,2.798272973,2.888622469,2.502280932,2.19223238,3.646460163,3.892504908,3.185698284,3.543875788,2.762577057,2.913556711,2.9913468,2.734685203,3.004237211,4.134577992,4.583171827,4.583171827,4.583171827,4.583171827,4.583171827,4.583171827
Pakistan,PAK,Electricity production from coal sources (% of total),EG.ELC.COAL.ZS,0.100867996,0.065731814,0.090145462,0.088852032,0.074689571,0.772512597,0.634249471,0.653205695,0.765727212,0.623289754,0.35380821,0.393483363,0.305135792,0.244958555,0.204370015,0.137777825,0.13847454,0.1421687,0.123340901,0.121648122,0.093236142,0.100956988,0.063459038,0.150851301,0.135529218,0.137108632,0.137108632,0.137108632,0.137108632,0.137108632,0.137108632
Panama,PAN,Electricity production from coal sources (% of total),EG.ELC.COAL.ZS,0,0,0,0,0,0,0,0,0,0,0,0,0,0,0,0,0,0,0,0,0,5.778573255,7.764733233,7.624469748,7.397437278,6.915306915,6.915306915,6.915306915,6.915306915,6.915306915,6.915306915
Peru,PER,Electricity production from coal sources (% of total),EG.ELC.COAL.ZS,0,0,0,0,0,0,0,0,0,0,1.742492719,1.491962653,3.566392212,3.345838423,3.776540919,3.153064826,2.982674172,2.823159935,2.704286155,2.380880075,2.371134021,1.585804248,3.232505192,2.795016779,0.715129248,0.839360842,0.839360842,0.839360842,0.839360842,0.839360842,0.839360842
Philippines,PHL,Electricity production from coal sources (% of total),EG.ELC.COAL.ZS,7.346070574,7.571445281,6.923076923,7.581173107,4.423878442,6.283143657,13.21915757,18.50139458,22.57924864,26.99121452,36.79178627,39.93411265,33.27624982,28.21873819,28.94007899,26.97155585,26.93411761,28.24478704,25.89401687,26.60809741,34.39668153,36.63409275,38.76112505,42.62349534,42.78170381,44.51482169,44.51482169,44.51482169,44.51482169,44.51482169,44.51482169
Palau,PLW,Electricity production from coal sources (% of total),EG.ELC.COAL.ZS,Unknown,Unknown,Unknown,Unknown,Unknown,Unknown,Unknown,Unknown,Unknown,Unknown,Unknown,Unknown,Unknown,Unknown,Unknown,Unknown,Unknown,Unknown,Unknown,Unknown,Unknown,Unknown,Unknown,Unknown,Unknown,Unknown,Unknown,Unknown,Unknown,Unknown,Unknown
Papua New Guinea,PNG,Electricity production from coal sources (% of total),EG.ELC.COAL.ZS,Unknown,Unknown,Unknown,Unknown,Unknown,Unknown,Unknown,Unknown,Unknown,Unknown,Unknown,Unknown,Unknown,Unknown,Unknown,Unknown,Unknown,Unknown,Unknown,Unknown,Unknown,Unknown,Unknown,Unknown,Unknown,Unknown,Unknown,Unknown,Unknown,Unknown,Unknown
Poland,POL,Electricity production from coal sources (% of total),EG.ELC.COAL.ZS,97.49283934,97.36453499,97.33102757,97.32734351,97.05688178,97.05710658,96.86247291,96.67790116,96.60583501,96.50502496,96.33103776,95.39802812,94.74101573,95.22628642,93.67223861,92.20257597,92.45042422,91.82670807,90.88746687,89.24835066,88.09210066,86.79054427,84.35789773,85.20686249,82.99328741,80.90616462,80.90616462,80.90616462,80.90616462,80.90616462,80.90616462
Pre-demographic dividend,PRE,Electricity production from coal sources (% of total),EG.ELC.COAL.ZS,0.151566446,0.179888047,0.132609492,0.109338598,0.099525646,0.097552414,0.092923384,0.070324322,0.071003086,0.067528134,0.203540252,0.213352564,0.213807117,0.207322661,0.1951145,0.163988469,0.136069593,0.131094025,0.130867365,0.123709419,0.114306692,0.136073894,0.139350869,0.115241524,0.108285065,0.093507296,0.093507296,0.093507296,0.093507296,0.093507296,0.093507296
Puerto Rico,PRI,Electricity production from coal sources (% of total),EG.ELC.COAL.ZS,Unknown,Unknown,Unknown,Unknown,Unknown,Unknown,Unknown,Unknown,Unknown,Unknown,Unknown,Unknown,Unknown,Unknown,Unknown,Unknown,Unknown,Unknown,Unknown,Unknown,Unknown,Unknown,Unknown,Unknown,Unknown,Unknown,Unknown,Unknown,Unknown,Unknown,Unknown
"Korea, Dem. People's Rep.",PRK,Electricity production from coal sources (% of total),EG.ELC.COAL.ZS,40.05054152,42.49809886,42.05668016,39.68778281,40.12121212,36.80434783,36.46948357,39.21243523,33.92941176,39.07526882,43.31443299,42.51485149,41.1711165,39.48471283,38.57916534,39.04067737,40.90037887,34.75816568,36.0051713,38.01296919,35.51514032,28.13897847,26.94946974,21.05607681,24.13311743,21.28557909,21.28557909,21.28557909,21.28557909,21.28557909,21.28557909
Portugal,PRT,Electricity production from coal sources (% of total),EG.ELC.COAL.ZS,32.12193917,33.00255651,34.62174662,36.97321717,37.17048573,40.59860005,36.58947613,38.20754717,30.98414167,35.25888987,33.86516647,29.50528505,33.32311062,31.22675781,33.14520267,32.96527237,30.79298419,26.43722279,24.62012095,26.06200234,13.22381777,18.97934012,28.71467439,23.42581232,23.00275217,28.71823872,28.71823872,28.71823872,28.71823872,28.71823872,28.71823872
Paraguay,PRY,Electricity production from coal sources (% of total),EG.ELC.COAL.ZS,0,0,0,0,0,0,0,0,0,0,0,0,0,0,0,0,0,0,0,0,0,0,0,0,0,0,0,0,0,0,0
West Bank and Gaza,PSE,Electricity production from coal sources (% of total),EG.ELC.COAL.ZS,Unknown,Unknown,Unknown,Unknown,Unknown,Unknown,Unknown,Unknown,Unknown,Unknown,Unknown,Unknown,Unknown,Unknown,Unknown,Unknown,Unknown,Unknown,Unknown,Unknown,Unknown,Unknown,Unknown,Unknown,Unknown,Unknown,Unknown,Unknown,Unknown,Unknown,Unknown
Pacific island small states,PSS,Electricity production from coal sources (% of total),EG.ELC.COAL.ZS,Unknown,Unknown,Unknown,Unknown,Unknown,Unknown,Unknown,Unknown,Unknown,Unknown,Unknown,Unknown,Unknown,Unknown,Unknown,Unknown,Unknown,Unknown,Unknown,Unknown,Unknown,Unknown,Unknown,Unknown,Unknown,Unknown,Unknown,Unknown,Unknown,Unknown,Unknown
Post-demographic dividend,PST,Electricity production from coal sources (% of total),EG.ELC.COAL.ZS,39.44180495,39.09803477,38.89981171,38.50636719,37.9284608,37.41961557,37.75079264,37.79055578,37.80976934,37.20984895,38.19310639,37.62286265,37.51843153,38.2277308,37.19704215,37.08619541,36.85539425,36.69137115,36.03318973,34.22738796,34.04357401,33.24110664,31.98005678,32.4702489,31.92561152,29.37346022,29.37346022,29.37346022,29.37346022,29.37346022,29.37346022
French Polynesia,PYF,Electricity production from coal sources (% of total),EG.ELC.COAL.ZS,Unknown,Unknown,Unknown,Unknown,Unknown,Unknown,Unknown,Unknown,Unknown,Unknown,Unknown,Unknown,Unknown,Unknown,Unknown,Unknown,Unknown,Unknown,Unknown,Unknown,Unknown,Unknown,Unknown,Unknown,Unknown,Unknown,Unknown,Unknown,Unknown,Unknown,Unknown
Qatar,QAT,Electricity production from coal sources (% of total),EG.ELC.COAL.ZS,0,0,0,0,0,0,0,0,0,0,0,0,0,0,0,0,0,0,0,0,0,0,0,0,0,0,0,0,0,0,0
Romania,ROU,Electricity production from coal sources (% of total),EG.ELC.COAL.ZS,28.77046759,27.48622432,34.17658456,34.62398154,35.79875218,35.09600783,33.89242054,30.23902849,28.0282638,29.44192467,37.16255247,37.1644451,37.68886453,42.8781284,38.53696526,37.26120546,40.30176882,41.03092115,39.84543383,37.70804108,34.21699467,40.00548396,38.98322387,28.96337297,27.31204564,27.63872455,27.63872455,27.63872455,27.63872455,27.63872455,27.63872455
Russian Federation,RUS,Electricity production from coal sources (% of total),EG.ELC.COAL.ZS,14.33181291,14.31700967,14.97545739,15.43315803,18.39095831,18.51177962,18.83105679,18.70425625,19.49880717,18.94476469,19.87739427,18.88212852,19.03853766,18.74130509,17.19272399,17.2954259,17.89780302,16.68918166,18.90217068,16.52965269,15.98305595,15.54215048,15.74945783,15.22169765,14.78792431,14.82165832,14.82165832,14.82165832,14.82165832,14.82165832,14.82165832
Rwanda,RWA,Electricity production from coal sources (% of total),EG.ELC.COAL.ZS,Unknown,Unknown,Unknown,Unknown,Unknown,Unknown,Unknown,Unknown,Unknown,Unknown,Unknown,Unknown,Unknown,Unknown,Unknown,Unknown,Unknown,Unknown,Unknown,Unknown,Unknown,Unknown,Unknown,Unknown,Unknown,Unknown,Unknown,Unknown,Unknown,Unknown,Unknown
South Asia,SAS,Electricity production from coal sources (% of total),EG.ELC.COAL.ZS,55.50218921,56.89734913,56.93475195,58.85798262,57.0594683,59.10572598,59.63547839,58.45048517,56.68771971,57.20446599,58.42077479,58.95659712,59.23801791,57.47725152,57.01208776,55.9676737,55.99705781,55.580572,58.41080923,57.37395126,57.83797858,57.9942899,62.30504585,62.96133243,65.13151648,66.10117862,66.10117862,66.10117862,66.10117862,66.10117862,66.10117862
Saudi Arabia,SAU,Electricity production from coal sources (% of total),EG.ELC.COAL.ZS,0,0,0,0,0,0,0,0,0,0,0,0,0,0,0,0,0,0,0,0,0,0,0,0,0,0,0,0,0,0,0
Sudan,SDN,Electricity production from coal sources (% of total),EG.ELC.COAL.ZS,0,0,0,0,0,0,0,0,0,0,0,0,0,0,0,0,0,0,0,0,0,0,0,0,0,0,0,0,0,0,0
Senegal,SEN,Electricity production from coal sources (% of total),EG.ELC.COAL.ZS,0,0,0,0,0,0,0,0,0,0,0,0,0,0,0,0,0,0,0,0,0,0,0,0,0,0,0,0,0,0,0
Singapore,SGP,Electricity production from coal sources (% of total),EG.ELC.COAL.ZS,0,0,0,0,0,0,0,0,0,0,0,0,0,0,0,0,0,0,0,0,0,0,0.012773839,0.644166024,1.097610369,1.196072597,1.196072597,1.196072597,1.196072597,1.196072597,1.196072597
Solomon Islands,SLB,Electricity production from coal sources (% of total),EG.ELC.COAL.ZS,Unknown,Unknown,Unknown,Unknown,Unknown,Unknown,Unknown,Unknown,Unknown,Unknown,Unknown,Unknown,Unknown,Unknown,Unknown,Unknown,Unknown,Unknown,Unknown,Unknown,Unknown,Unknown,Unknown,Unknown,Unknown,Unknown,Unknown,Unknown,Unknown,Unknown,Unknown
Sierra Leone,SLE,Electricity production from coal sources (% of total),EG.ELC.COAL.ZS,Unknown,Unknown,Unknown,Unknown,Unknown,Unknown,Unknown,Unknown,Unknown,Unknown,Unknown,Unknown,Unknown,Unknown,Unknown,Unknown,Unknown,Unknown,Unknown,Unknown,Unknown,Unknown,Unknown,Unknown,Unknown,Unknown,Unknown,Unknown,Unknown,Unknown,Unknown
El Salvador,SLV,Electricity production from coal sources (% of total),EG.ELC.COAL.ZS,0,0,0,0,0,0,0,0,0,0,0,0,0,0,0,0,0,0,0,0,0,0,0,0,0,0,0,0,0,0,0
San Marino,SMR,Electricity production from coal sources (% of total),EG.ELC.COAL.ZS,Unknown,Unknown,Unknown,Unknown,Unknown,Unknown,Unknown,Unknown,Unknown,Unknown,Unknown,Unknown,Unknown,Unknown,Unknown,Unknown,Unknown,Unknown,Unknown,Unknown,Unknown,Unknown,Unknown,Unknown,Unknown,Unknown,Unknown,Unknown,Unknown,Unknown,Unknown
Somalia,SOM,Electricity production from coal sources (% of total),EG.ELC.COAL.ZS,Unknown,Unknown,Unknown,Unknown,Unknown,Unknown,Unknown,Unknown,Unknown,Unknown,Unknown,Unknown,Unknown,Unknown,Unknown,Unknown,Unknown,Unknown,Unknown,Unknown,Unknown,Unknown,Unknown,Unknown,Unknown,Unknown,Unknown,Unknown,Unknown,Unknown,Unknown
Serbia,SRB,Electricity production from coal sources (% of total),EG.ELC.COAL.ZS,69.05831787,63.03720577,65.58868669,65.52160494,65.90740741,62.8872259,56.47152303,62.90214925,63.68757935,56.7494762,62.77973052,62.22317108,64.34398175,69.86936606,68.2906119,64.27043922,68.72892739,70.05198358,72.43897803,71.32214534,67.05501964,75.70218809,72.80418014,73.13839957,66.2739939,72.42984439,72.42984439,72.42984439,72.42984439,72.42984439,72.42984439
Sub-Saharan Africa (excluding high income),SSA,Electricity production from coal sources (% of total),EG.ELC.COAL.ZS,64.26499243,63.51856415,64.09893534,65.81940278,64.98381094,64.23371724,64.93865891,64.75029926,63.38775141,62.24537932,62.05471218,61.51152112,60.26830684,61.82990425,60.8045335,60.59931251,59.94194426,60.26503884,59.43610304,58.00299693,56.94041933,56.07494273,55.3176618,53.68851823,51.6487043,50.65201031,50.65201031,50.65201031,50.65201031,50.65201031,50.65201031
South Sudan,SSD,Electricity production from coal sources (% of total),EG.ELC.COAL.ZS,0,0,0,0,0,0,0,0,0,0,0,0,0,0,0,0,0,0,0,0,0,0,0,0,0,0,0,0,0,0,0
Sub-Saharan Africa,SSF,Electricity production from coal sources (% of total),EG.ELC.COAL.ZS,64.21260614,63.46678632,64.04668442,65.7657494,64.9308387,64.18135645,64.88572347,64.69751737,63.33608022,62.19463934,62.00412762,61.46137935,60.21917849,61.77950295,60.75496805,60.54991434,59.89308195,60.21591316,59.38765307,57.95571517,56.89400374,56.02923265,55.27256902,53.64475347,51.60660232,50.61072079,50.61072079,50.61072079,50.61072079,50.61072079,50.61072079
Small states,SST,Electricity production from coal sources (% of total),EG.ELC.COAL.ZS,2.547480892,2.873506678,2.97047131,3.27564999,2.79260452,1.901943342,1.203389874,1.242042481,1.758112075,1.822551196,2.065904542,2.113798684,2.191727135,1.899550852,1.671926048,2.788945726,3.010260274,2.524220755,2.883035405,2.243878774,2.389069219,2.446127013,2.24777861,2.469194781,3.4039775,3.768802106,3.768802106,3.768802106,3.768802106,3.768802106,3.768802106
Sao Tome and Principe,STP,Electricity production from coal sources (% of total),EG.ELC.COAL.ZS,Unknown,Unknown,Unknown,Unknown,Unknown,Unknown,Unknown,Unknown,Unknown,Unknown,Unknown,Unknown,Unknown,Unknown,Unknown,Unknown,Unknown,Unknown,Unknown,Unknown,Unknown,Unknown,Unknown,Unknown,Unknown,Unknown,Unknown,Unknown,Unknown,Unknown,Unknown
Suriname,SUR,Electricity production from coal sources (% of total),EG.ELC.COAL.ZS,0,0,0,0,0,0,0,0,0,0,0,0,0,0,0,0,0,0,0,0,0,0,0,0,0,0,0,0,0,0,0
Slovak Republic,SVK,Electricity production from coal sources (% of total),EG.ELC.COAL.ZS,31.85865004,27.00218458,33.57007576,26.42239228,21.06999764,26.44922052,25.21411173,27.40190796,25.17099332,25.23038605,19.84219755,19.6415118,17.37861666,20.66417092,20.07550886,19.0737433,18.33221337,18.72579951,17.90333797,16.49755006,14.85581124,14.27460407,13.78847783,12.36585537,12.36186828,12.51126464,12.51126464,12.51126464,12.51126464,12.51126464,12.51126464
Slovenia,SVN,Electricity production from coal sources (% of total),EG.ELC.COAL.ZS,31.260045,28.42121783,37.58101102,39.27674535,35.78131059,35.6539921,34.18855786,35.71645416,36.30536131,33.78072689,33.84468585,34.00387115,36.32004384,36.96092619,33.99253487,34.86802937,35.9642739,36.44219903,32.4592963,31.2869597,32.53152876,33.34590009,33.09107281,30.84319059,21.90176543,29.59438483,29.59438483,29.59438483,29.59438483,29.59438483,29.59438483
Sweden,SWE,Electricity production from coal sources (% of total),EG.ELC.COAL.ZS,1.050115081,1.667687283,1.753508387,1.912604047,2.203924317,1.98256155,3.066267502,1.83839792,1.883608013,2.028571798,1.69798459,1.979640459,2.476482618,3.076548061,1.200609205,0.887190983,1.072679815,0.907117851,1.080096602,0.651518257,1.297992725,0.971687942,0.600230719,0.729264005,0.575042005,0.666950738,0.666950738,0.666950738,0.666950738,0.666950738,0.666950738
Eswatini,SWZ,Electricity production from coal sources (% of total),EG.ELC.COAL.ZS,Unknown,Unknown,Unknown,Unknown,Unknown,Unknown,Unknown,Unknown,Unknown,Unknown,Unknown,Unknown,Unknown,Unknown,Unknown,Unknown,Unknown,Unknown,Unknown,Unknown,Unknown,Unknown,Unknown,Unknown,Unknown,Unknown,Unknown,Unknown,Unknown,Unknown,Unknown
Sint Maarten (Dutch part),SXM,Electricity production from coal sources (% of total),EG.ELC.COAL.ZS,Unknown,Unknown,Unknown,Unknown,Unknown,Unknown,Unknown,Unknown,Unknown,Unknown,Unknown,Unknown,Unknown,Unknown,Unknown,Unknown,Unknown,Unknown,Unknown,Unknown,Unknown,Unknown,Unknown,Unknown,Unknown,Unknown,Unknown,Unknown,Unknown,Unknown,Unknown
Seychelles,SYC,Electricity production from coal sources (% of total),EG.ELC.COAL.ZS,Unknown,Unknown,Unknown,Unknown,Unknown,Unknown,Unknown,Unknown,Unknown,Unknown,Unknown,Unknown,Unknown,Unknown,Unknown,Unknown,Unknown,Unknown,Unknown,Unknown,Unknown,Unknown,Unknown,Unknown,Unknown,Unknown,Unknown,Unknown,Unknown,Unknown,Unknown
Syrian Arab Republic,SYR,Electricity production from coal sources (% of total),EG.ELC.COAL.ZS,0,0,0,0,0,0,0,0,0,0,0,0,0,0,0,0,0,0,0,0,0,0,0,0,0,0,0,0,0,0,0
Turks and Caicos Islands,TCA,Electricity production from coal sources (% of total),EG.ELC.COAL.ZS,Unknown,Unknown,Unknown,Unknown,Unknown,Unknown,Unknown,Unknown,Unknown,Unknown,Unknown,Unknown,Unknown,Unknown,Unknown,Unknown,Unknown,Unknown,Unknown,Unknown,Unknown,Unknown,Unknown,Unknown,Unknown,Unknown,Unknown,Unknown,Unknown,Unknown,Unknown
Chad,TCD,Electricity production from coal sources (% of total),EG.ELC.COAL.ZS,Unknown,Unknown,Unknown,Unknown,Unknown,Unknown,Unknown,Unknown,Unknown,Unknown,Unknown,Unknown,Unknown,Unknown,Unknown,Unknown,Unknown,Unknown,Unknown,Unknown,Unknown,Unknown,Unknown,Unknown,Unknown,Unknown,Unknown,Unknown,Unknown,Unknown,Unknown
East Asia & Pacific (IDA & IBRD countries),TEA,Electricity production from coal sources (% of total),EG.ELC.COAL.ZS,61.75263238,63.68638507,64.84164203,63.05506889,63.8289766,62.51283689,64.32206347,64.47598117,64.06463003,66.07696524,67.19615282,66.06482161,67.48370946,69.81049662,69.28232924,70.76157721,72.49526255,73.75591471,71.73622781,71.43064167,70.80535899,73.10103935,70.3963562,70.35866776,67.95781574,66.17928642,66.17928642,66.17928642,66.17928642,66.17928642,66.17928642
Europe & Central Asia (IDA & IBRD countries),TEC,Electricity production from coal sources (% of total),EG.ELC.COAL.ZS,28.12883611,27.89320961,28.94403916,28.67927838,30.79465967,30.69575665,30.0769162,30.25151728,30.36201202,29.64190179,30.49763553,30.31285372,29.7696479,30.04983177,28.43117839,28.71275669,29.65269707,29.78219728,31.09997399,29.49405832,28.74381683,29.79814214,29.2251285,28.82169967,27.93146176,27.61403986,27.61403986,27.61403986,27.61403986,27.61403986,27.61403986
Togo,TGO,Electricity production from coal sources (% of total),EG.ELC.COAL.ZS,0,0,0,0,0,0,0,0,0,0,0,0,0,0,0,0,0,0,0,0,0,0,0,0,0,0,0,0,0,0,0
Thailand,THA,Electricity production from coal sources (% of total),EG.ELC.COAL.ZS,25.02037305,25.97788184,25.9466181,21.2973331,19.85332341,18.45585205,19.71015783,20.54362517,18.48265447,18.19655927,18.51797827,19.39855497,17.27959051,16.55710659,16.38868342,15.5238016,18.2417725,21.45935918,21.55115109,20.23936278,18.83564649,22.31474893,19.9960443,22.07937002,21.77836246,19.45432043,19.45432043,19.45432043,19.45432043,19.45432043,19.45432043
Tajikistan,TJK,Electricity production from coal sources (% of total),EG.ELC.COAL.ZS,0,0,0,0,0,0,0,0,0,0,0,0,0,0,0,0,0,0,0,0,0,0,0,0.257084429,0.971345313,1.526628598,1.526628598,1.526628598,1.526628598,1.526628598,1.526628598
Turkmenistan,TKM,Electricity production from coal sources (% of total),EG.ELC.COAL.ZS,0,0,0,0,0,0,0,0,0,0,0,0,0,0,0,0,0,0,0,0,0,0,0,0,0,0,0,0,0,0,0
Latin America & the Caribbean (IDA & IBRD countries),TLA,Electricity production from coal sources (% of total),EG.ELC.COAL.ZS,3.997685352,3.903718565,3.594756389,3.748249837,4.190669033,4.476808785,4.82370969,4.816726893,4.706843405,4.952124803,4.49864822,4.585008596,4.645511425,4.942451566,4.508220685,5.152748321,5.20014897,5.240514175,4.400256766,4.93470528,5.284511332,5.347694281,5.885422871,6.607989975,6.666884366,6.894572841,6.894572841,6.894572841,6.894572841,6.894572841,6.894572841
Timor-Leste,TLS,Electricity production from coal sources (% of total),EG.ELC.COAL.ZS,Unknown,Unknown,Unknown,Unknown,Unknown,Unknown,Unknown,Unknown,Unknown,Unknown,Unknown,Unknown,Unknown,Unknown,Unknown,Unknown,Unknown,Unknown,Unknown,Unknown,Unknown,Unknown,Unknown,Unknown,Unknown,Unknown,Unknown,Unknown,Unknown,Unknown,Unknown
Middle East & North Africa (IDA & IBRD countries),TMN,Electricity production from coal sources (% of total),EG.ELC.COAL.ZS,1.226619903,0.988094869,0.841882984,1.185121891,1.27939239,2.445568045,2.29065744,2.320280486,2.549779645,2.303197506,2.711589282,3.334594114,3.099348529,2.993293926,2.954761826,2.843582496,2.690247854,2.460952198,2.146565941,1.930902007,1.774689047,1.863047394,1.812723827,1.7801599,2.231347915,2.344076701,2.344076701,2.344076701,2.344076701,2.344076701,2.344076701
Tonga,TON,Electricity production from coal sources (% of total),EG.ELC.COAL.ZS,Unknown,Unknown,Unknown,Unknown,Unknown,Unknown,Unknown,Unknown,Unknown,Unknown,Unknown,Unknown,Unknown,Unknown,Unknown,Unknown,Unknown,Unknown,Unknown,Unknown,Unknown,Unknown,Unknown,Unknown,Unknown,Unknown,Unknown,Unknown,Unknown,Unknown,Unknown
South Asia (IDA & IBRD),TSA,Electricity production from coal sources (% of total),EG.ELC.COAL.ZS,55.50218921,56.89734913,56.93475195,58.85798262,57.0594683,59.10572598,59.63547839,58.45048517,56.68771971,57.20446599,58.42077479,58.95659712,59.23801791,57.47725152,57.01208776,55.9676737,55.99705781,55.580572,58.41080923,57.37395126,57.83797858,57.9942899,62.30504585,62.96133243,65.13151648,66.10117862,66.10117862,66.10117862,66.10117862,66.10117862,66.10117862
Sub-Saharan Africa (IDA & IBRD countries),TSS,Electricity production from coal sources (% of total),EG.ELC.COAL.ZS,64.21260614,63.46678632,64.04668442,65.7657494,64.9308387,64.18135645,64.88572347,64.69751737,63.33608022,62.19463934,62.00412762,61.46137935,60.21917849,61.77950295,60.75496805,60.54991434,59.89308195,60.21591316,59.38765307,57.95571517,56.89400374,56.02923265,55.27256902,53.64475347,51.60660232,50.61072079,50.61072079,50.61072079,50.61072079,50.61072079,50.61072079
Trinidad and Tobago,TTO,Electricity production from coal sources (% of total),EG.ELC.COAL.ZS,0,0,0,0,0,0,0,0,0,0,0,0,0,0,0,0,0,0,0,0,0,0,0,0,0,0,0,0,0,0,0
Tunisia,TUN,Electricity production from coal sources (% of total),EG.ELC.COAL.ZS,0,0,0,0,0,0,0,0,0,0,0,0,0,0,0,0,0,0,0,0,0,0,0,0,0,0,0,0,0,0,0
Turkey,TUR,Electricity production from coal sources (% of total),EG.ELC.COAL.ZS,35.07116417,35.7882681,36.48688783,32.19298721,36.05035686,32.51939198,32.06025595,32.77958488,32.14498027,31.80264514,30.56867485,31.3025056,24.8446677,22.94193383,22.85896296,26.66897182,26.46072865,27.89285752,29.08808677,28.58345482,26.06293322,28.86618162,28.39838661,26.56045704,30.26753928,29.09509021,29.09509021,29.09509021,29.09509021,29.09509021,29.09509021
Tuvalu,TUV,Electricity production from coal sources (% of total),EG.ELC.COAL.ZS,Unknown,Unknown,Unknown,Unknown,Unknown,Unknown,Unknown,Unknown,Unknown,Unknown,Unknown,Unknown,Unknown,Unknown,Unknown,Unknown,Unknown,Unknown,Unknown,Unknown,Unknown,Unknown,Unknown,Unknown,Unknown,Unknown,Unknown,Unknown,Unknown,Unknown,Unknown
Tanzania,TZA,Electricity production from coal sources (% of total),EG.ELC.COAL.ZS,0,0,0,1.67539267,3.649635036,3.898128898,3.307008885,2.136529442,2.186046512,2.427394885,2.710355987,3.231597846,3.715498938,2.745393005,2.57639305,1.153305204,0.696055684,0.86042065,0.432900433,0,0,0,0,0,0,0,0,0,0,0,0
Uganda,UGA,Electricity production from coal sources (% of total),EG.ELC.COAL.ZS,Unknown,Unknown,Unknown,Unknown,Unknown,Unknown,Unknown,Unknown,Unknown,Unknown,Unknown,Unknown,Unknown,Unknown,Unknown,Unknown,Unknown,Unknown,Unknown,Unknown,Unknown,Unknown,Unknown,Unknown,Unknown,Unknown,Unknown,Unknown,Unknown,Unknown,Unknown
Ukraine,UKR,Electricity production from coal sources (% of total),EG.ELC.COAL.ZS,38.18589138,38.30507744,41.9436661,38.13624253,38.02814817,36.23343188,30.83075745,31.03764354,29.08842371,31.33054948,30.07783078,30.76798435,31.47339433,30.32218325,24.79151788,26.90129254,33.60813112,35.67319402,36.67400538,37.5506137,36.94367361,38.21172826,40.54082667,41.82265908,38.73334249,34.57818245,34.57818245,34.57818245,34.57818245,34.57818245,34.57818245
Upper middle income,UMC,Electricity production from coal sources (% of total),EG.ELC.COAL.ZS,32.66604889,33.66308785,35.55213251,36.25085324,38.65711082,38.83792878,40.08340537,40.36957708,39.99156255,40.65001105,41.83898453,42.41383567,43.81079394,46.20734093,46.62142902,48.53382659,50.46055075,52.40513967,51.69815238,52.21671697,52.28926578,54.7091663,53.11675374,53.6208308,52.25097865,51.07885482,51.07885482,51.07885482,51.07885482,51.07885482,51.07885482
Uruguay,URY,Electricity production from coal sources (% of total),EG.ELC.COAL.ZS,0,0,0,0,0,0,0,0,0,0,0,0,0,0,0,0,0,0,0,0,0,0,0,0,0,0,0,0,0,0,0
United States,USA,Electricity production from coal sources (% of total),EG.ELC.COAL.ZS,53.06735048,52.60110173,53.24000481,53.40130679,52.51623052,51.49928029,52.72203118,53.80954845,52.73512658,52.11671819,52.89515225,51.63342695,50.65729949,51.38116764,50.39668955,50.45708636,49.77287778,48.99390945,49.10443981,45.4377316,45.79760576,43.34576409,38.47985569,39.94314124,39.65073269,34.23273373,34.23273373,34.23273373,34.23273373,34.23273373,34.23273373
Uzbekistan,UZB,Electricity production from coal sources (% of total),EG.ELC.COAL.ZS,7.383932534,7.384842611,4.89088802,6.482329244,8.309623431,3.453943902,4.022545631,4.08433578,4.08496732,4.086220577,4.08629225,4.084568712,4.084364226,4.085020243,4.086,4.083333333,4.086802828,4.085801839,4.085020243,4.086086086,4.085106383,4.083969466,4.085714286,4.084870849,4.084837545,4.085195531,4.085195531,4.085195531,4.085195531,4.085195531,4.085195531
St. Vincent and the Grenadines,VCT,Electricity production from coal sources (% of total),EG.ELC.COAL.ZS,Unknown,Unknown,Unknown,Unknown,Unknown,Unknown,Unknown,Unknown,Unknown,Unknown,Unknown,Unknown,Unknown,Unknown,Unknown,Unknown,Unknown,Unknown,Unknown,Unknown,Unknown,Unknown,Unknown,Unknown,Unknown,Unknown,Unknown,Unknown,Unknown,Unknown,Unknown
"Venezuela, RB",VEN,Electricity production from coal sources (% of total),EG.ELC.COAL.ZS,0,0,0,0,0,0,0,0,0,0,0,0,0,0,0,0,0,0,0,0,0,0,0,0,0,0,0,0,0,0,0
British Virgin Islands,VGB,Electricity production from coal sources (% of total),EG.ELC.COAL.ZS,Unknown,Unknown,Unknown,Unknown,Unknown,Unknown,Unknown,Unknown,Unknown,Unknown,Unknown,Unknown,Unknown,Unknown,Unknown,Unknown,Unknown,Unknown,Unknown,Unknown,Unknown,Unknown,Unknown,Unknown,Unknown,Unknown,Unknown,Unknown,Unknown,Unknown,Unknown
Virgin Islands (U.S.),VIR,Electricity production from coal sources (% of total),EG.ELC.COAL.ZS,Unknown,Unknown,Unknown,Unknown,Unknown,Unknown,Unknown,Unknown,Unknown,Unknown,Unknown,Unknown,Unknown,Unknown,Unknown,Unknown,Unknown,Unknown,Unknown,Unknown,Unknown,Unknown,Unknown,Unknown,Unknown,Unknown,Unknown,Unknown,Unknown,Unknown,Unknown
Vietnam,VNM,Electricity production from coal sources (% of total),EG.ELC.COAL.ZS,23.05033982,14.83170467,8.76867594,5.974488839,8.715820313,13.81075915,14.02266289,17.37925988,16.04573958,12.37319071,11.80301946,10.51359122,13.62722092,17.6835675,15.52295007,22.69084539,23.33162515,21.81829035,20.05967628,18.00901713,20.74750008,21.55142594,21.13664195,24.51261055,23.24508294,29.57144628,29.57144628,29.57144628,29.57144628,29.57144628,29.57144628
Vanuatu,VUT,Electricity production from coal sources (% of total),EG.ELC.COAL.ZS,Unknown,Unknown,Unknown,Unknown,Unknown,Unknown,Unknown,Unknown,Unknown,Unknown,Unknown,Unknown,Unknown,Unknown,Unknown,Unknown,Unknown,Unknown,Unknown,Unknown,Unknown,Unknown,Unknown,Unknown,Unknown,Unknown,Unknown,Unknown,Unknown,Unknown,Unknown
World,WLD,Electricity production from coal sources (% of total),EG.ELC.COAL.ZS,37.00595855,37.07383389,37.40905762,37.37778152,37.52752768,37.35181134,37.96491673,38.02188426,37.82200438,37.64719631,38.63553112,38.44754518,38.75108611,39.83135089,39.3801858,39.85590955,40.51456581,41.13753845,40.63461238,40.01759804,40.10961909,41.00099907,40.27716002,41.04493004,40.48804654,39.16759493,39.16759493,39.16759493,39.16759493,39.16759493,39.16759493
Samoa,WSM,Electricity production from coal sources (% of total),EG.ELC.COAL.ZS,Unknown,Unknown,Unknown,Unknown,Unknown,Unknown,Unknown,Unknown,Unknown,Unknown,Unknown,Unknown,Unknown,Unknown,Unknown,Unknown,Unknown,Unknown,Unknown,Unknown,Unknown,Unknown,Unknown,Unknown,Unknown,Unknown,Unknown,Unknown,Unknown,Unknown,Unknown
Kosovo,XKX,Electricity production from coal sources (% of total),EG.ELC.COAL.ZS,97.59891782,97.59891782,97.59891782,97.59891782,97.59891782,97.59891782,97.59891782,97.59891782,97.59891782,97.59891782,97.59891782,97.96791444,97.95423957,97.85123967,96.59480647,96.88200987,97.06811006,97.41468459,97.88841534,97.28697749,96.53637771,97.8279607,98.14908295,97.57854406,96.94628403,97.46690636,97.46690636,97.46690636,97.46690636,97.46690636,97.46690636
"Yemen, Rep.",YEM,Electricity production from coal sources (% of total),EG.ELC.COAL.ZS,0,0,0,0,0,0,0,0,0,0,0,0,0,0,0,0,0,0,0,0,0,0,0,0,0,0,0,0,0,0,0
South Africa,ZAF,Electricity production from coal sources (% of total),EG.ELC.COAL.ZS,94.28061795,93.3194004,93.97926324,95.73087373,93.86145538,93.40763077,93.40638409,92.83527634,92.39877016,93.13448623,93.06283289,93.74702771,93.3012756,94.10459766,93.94471423,94.63716924,94.71080442,94.77005758,94.26696254,94.09800863,94.26062155,93.80412673,94.63150173,93.74387816,93.10180342,92.71123792,92.71123792,92.71123792,92.71123792,92.71123792,92.71123792
Zambia,ZMB,Electricity production from coal sources (% of total),EG.ELC.COAL.ZS,0.486709098,0.46424229,0.623384522,0.500121981,0.233415233,0.151438667,0.23726448,0.302228938,0.302512166,0.180319423,0.179533214,0.188845524,0.19624678,0.204597424,0.152797367,0.17905103,0,0,0,0,0,0,0,0,0,0,0,0,0,0,0
Zimbabwe,ZWE,Electricity production from coal sources (% of total),EG.ELC.COAL.ZS,53.33262123,64.67951591,61.62437781,72.38885913,72.19641672,70.74638331,70.46292503,70.90983831,70.74282242,58.39796926,53.39528234,62.07943334,55.46756725,39.09535174,43.18345509,47.31171325,31.96639077,28.11144697,23.71147541,24.07077218,31.71379111,41.65581597,39.05248289,45.46499478,43.85597447,46.7813369,46.7813369,46.7813369,46.7813369,46.7813369,46.7813369
